timestamp,equipment_id,zone,health_score,remaining_useful_life,last_service_days,maintenance_due,fault_code
2023-01-01,Boiler-01,Boiler House,99.88,790.0,10,No,NONE
2023-01-01,Boiler-02,Boiler House,99.84,592.0,35,No,NONE
2023-01-01,Tank-01,Tank Farm,99.72,388.0,36,No,NONE
2023-01-01,Tank-02,Tank Farm,99.68,332.0,22,No,NONE
2023-01-01,Compressor-01,Compressor Room,99.79,481.0,36,No,NONE
2023-01-01,Compressor-02,Compressor Room,99.69,356.0,2,No,NONE
2023-01-01,Pump-01,Chemical Storage,99.49,223.0,26,No,NONE
2023-01-01,Pump-02,Cooling Tower,99.7,299.0,15,No,NONE
2023-01-01,Cooling-01,Cooling Tower,99.65,255.0,17,No,NONE
2023-01-02,Boiler-01,Boiler House,99.77,789.0,11,No,NONE
2023-01-02,Boiler-02,Boiler House,99.66,591.0,36,No,NONE
2023-01-02,Tank-01,Tank Farm,99.45,387.0,37,No,NONE
2023-01-02,Tank-02,Tank Farm,99.4,331.0,23,No,NONE
2023-01-02,Compressor-01,Compressor Room,99.55,480.0,37,No,NONE
2023-01-02,Compressor-02,Compressor Room,99.36,355.0,3,No,NONE
2023-01-02,Pump-01,Chemical Storage,99.06,222.0,27,No,NONE
2023-01-02,Pump-02,Cooling Tower,99.31,298.0,16,No,NONE
2023-01-02,Cooling-01,Cooling Tower,99.23,253.0,18,No,NONE
2023-01-03,Boiler-01,Boiler House,99.62,788.0,12,No,NONE
2023-01-03,Boiler-02,Boiler House,99.48,590.0,37,No,NONE
2023-01-03,Tank-01,Tank Farm,99.15,386.0,38,No,NONE
2023-01-03,Tank-02,Tank Farm,99.07,330.0,24,No,NONE
2023-01-03,Compressor-01,Compressor Room,99.34,479.0,38,No,NONE
2023-01-03,Compressor-02,Compressor Room,99.1,354.0,4,No,NONE
2023-01-03,Pump-01,Chemical Storage,98.64,221.0,28,No,NONE
2023-01-03,Pump-02,Cooling Tower,98.93,297.0,17,No,NONE
2023-01-03,Cooling-01,Cooling Tower,98.87,253.0,19,No,NONE
2023-01-04,Boiler-01,Boiler House,99.52,787.0,13,No,NONE
2023-01-04,Boiler-02,Boiler House,99.28,589.0,38,No,NONE
2023-01-04,Tank-01,Tank Farm,98.93,385.0,39,No,NONE
2023-01-04,Tank-02,Tank Farm,98.81,329.0,25,No,NONE
2023-01-04,Compressor-01,Compressor Room,99.12,478.0,39,No,NONE
2023-01-04,Compressor-02,Compressor Room,98.82,353.0,5,No,NONE
2023-01-04,Pump-01,Chemical Storage,98.23,220.0,29,No,NONE
2023-01-04,Pump-02,Cooling Tower,98.58,295.0,18,No,NONE
2023-01-04,Cooling-01,Cooling Tower,98.43,251.0,20,No,NONE
2023-01-05,Boiler-01,Boiler House,99.41,786.0,14,No,NONE
2023-01-05,Boiler-02,Boiler House,99.1,588.0,39,No,NONE
2023-01-05,Tank-01,Tank Farm,98.66,384.0,40,No,NONE
2023-01-05,Tank-02,Tank Farm,98.51,328.0,26,No,NONE
2023-01-05,Compressor-01,Compressor Room,98.94,477.0,40,No,NONE
2023-01-05,Compressor-02,Compressor Room,98.54,352.0,6,No,NONE
2023-01-05,Pump-01,Chemical Storage,97.8,219.0,30,No,NONE
2023-01-05,Pump-02,Cooling Tower,98.29,295.0,19,No,NONE
2023-01-05,Cooling-01,Cooling Tower,97.98,250.0,21,No,NONE
2023-01-06,Boiler-01,Boiler House,99.3,785.0,15,No,NONE
2023-01-06,Boiler-02,Boiler House,98.92,587.0,40,No,NONE
2023-01-06,Tank-01,Tank Farm,98.42,383.0,41,No,NONE
2023-01-06,Tank-02,Tank Farm,98.19,327.0,27,No,NONE
2023-01-06,Compressor-01,Compressor Room,98.7,476.0,41,No,NONE
2023-01-06,Compressor-02,Compressor Room,98.27,351.0,7,No,NONE
2023-01-06,Pump-01,Chemical Storage,97.31,218.0,31,No,NONE
2023-01-06,Pump-02,Cooling Tower,98.02,294.0,20,No,NONE
2023-01-06,Cooling-01,Cooling Tower,97.66,249.0,22,No,NONE
2023-01-07,Boiler-01,Boiler House,99.15,784.0,16,No,NONE
2023-01-07,Boiler-02,Boiler House,98.76,586.0,41,No,NONE
2023-01-07,Tank-01,Tank Farm,98.17,382.0,42,No,NONE
2023-01-07,Tank-02,Tank Farm,97.85,326.0,28,No,NONE
2023-01-07,Compressor-01,Compressor Room,98.48,475.0,42,No,NONE
2023-01-07,Compressor-02,Compressor Room,98.03,351.0,8,No,NONE
2023-01-07,Pump-01,Chemical Storage,96.83,217.0,32,No,NONE
2023-01-07,Pump-02,Cooling Tower,97.7,293.0,21,No,NONE
2023-01-07,Cooling-01,Cooling Tower,97.23,248.0,23,No,NONE
2023-01-08,Boiler-01,Boiler House,99.01,783.0,17,No,NONE
2023-01-08,Boiler-02,Boiler House,98.59,585.0,42,No,NONE
2023-01-08,Tank-01,Tank Farm,97.9,381.0,43,No,NONE
2023-01-08,Tank-02,Tank Farm,97.54,325.0,29,No,NONE
2023-01-08,Compressor-01,Compressor Room,98.28,474.0,43,No,NONE
2023-01-08,Compressor-02,Compressor Room,97.71,349.0,9,No,NONE
2023-01-08,Pump-01,Chemical Storage,96.34,216.0,33,No,NONE
2023-01-08,Pump-02,Cooling Tower,97.38,292.0,22,No,NONE
2023-01-08,Cooling-01,Cooling Tower,96.84,247.0,24,No,NONE
2023-01-09,Boiler-01,Boiler House,98.88,782.0,18,No,NONE
2023-01-09,Boiler-02,Boiler House,98.43,584.0,43,No,NONE
2023-01-09,Tank-01,Tank Farm,97.7,380.0,44,No,NONE
2023-01-09,Tank-02,Tank Farm,97.23,323.0,30,No,NONE
2023-01-09,Compressor-01,Compressor Room,98.08,473.0,44,No,NONE
2023-01-09,Compressor-02,Compressor Room,97.38,348.0,10,No,NONE
2023-01-09,Pump-01,Chemical Storage,95.85,215.0,34,No,NONE
2023-01-09,Pump-02,Cooling Tower,97.1,291.0,23,No,NONE
2023-01-09,Cooling-01,Cooling Tower,96.49,246.0,25,No,NONE
2023-01-10,Boiler-01,Boiler House,98.74,781.0,19,No,NONE
2023-01-10,Boiler-02,Boiler House,98.29,583.0,44,No,NONE
2023-01-10,Tank-01,Tank Farm,97.43,379.0,45,No,NONE
2023-01-10,Tank-02,Tank Farm,96.95,323.0,31,No,NONE
2023-01-10,Compressor-01,Compressor Room,97.87,472.0,45,No,NONE
2023-01-10,Compressor-02,Compressor Room,97.05,347.0,11,No,NONE
2023-01-10,Pump-01,Chemical Storage,95.37,214.0,35,No,NONE
2023-01-10,Pump-02,Cooling Tower,96.77,290.0,24,No,NONE
2023-01-10,Cooling-01,Cooling Tower,96.08,245.0,26,No,NONE
2023-01-11,Boiler-01,Boiler House,98.61,780.0,20,No,NONE
2023-01-11,Boiler-02,Boiler House,98.11,582.0,45,No,NONE
2023-01-11,Tank-01,Tank Farm,97.13,378.0,46,No,NONE
2023-01-11,Tank-02,Tank Farm,96.68,322.0,32,No,NONE
2023-01-11,Compressor-01,Compressor Room,97.63,470.0,46,No,NONE
2023-01-11,Compressor-02,Compressor Room,96.72,346.0,12,No,NONE
2023-01-11,Pump-01,Chemical Storage,94.97,213.0,36,No,NONE
2023-01-11,Pump-02,Cooling Tower,96.47,289.0,25,No,NONE
2023-01-11,Cooling-01,Cooling Tower,95.62,244.0,27,No,NONE
2023-01-12,Boiler-01,Boiler House,98.49,779.0,21,No,NONE
2023-01-12,Boiler-02,Boiler House,97.92,581.0,46,No,NONE
2023-01-12,Tank-01,Tank Farm,96.86,377.0,47,No,NONE
2023-01-12,Tank-02,Tank Farm,96.42,321.0,33,No,NONE
2023-01-12,Compressor-01,Compressor Room,97.43,469.0,47,No,NONE
2023-01-12,Compressor-02,Compressor Room,96.45,345.0,13,No,NONE
2023-01-12,Pump-01,Chemical Storage,94.48,212.0,37,No,NONE
2023-01-12,Pump-02,Cooling Tower,96.16,288.0,26,No,NONE
2023-01-12,Cooling-01,Cooling Tower,95.2,243.0,28,No,NONE
2023-01-13,Boiler-01,Boiler House,98.35,778.0,22,No,NONE
2023-01-13,Boiler-02,Boiler House,97.75,580.0,47,No,NONE
2023-01-13,Tank-01,Tank Farm,96.58,376.0,48,No,NONE
2023-01-13,Tank-02,Tank Farm,96.17,320.0,34,No,NONE
2023-01-13,Compressor-01,Compressor Room,97.23,468.0,48,No,NONE
2023-01-13,Compressor-02,Compressor Room,96.16,344.0,14,No,NONE
2023-01-13,Pump-01,Chemical Storage,93.97,211.0,38,No,NONE
2023-01-13,Pump-02,Cooling Tower,95.84,287.0,27,No,NONE
2023-01-13,Cooling-01,Cooling Tower,94.75,242.0,29,No,NONE
2023-01-14,Boiler-01,Boiler House,98.21,777.0,23,No,NONE
2023-01-14,Boiler-02,Boiler House,97.62,579.0,48,No,NONE
2023-01-14,Tank-01,Tank Farm,96.35,375.0,49,No,NONE
2023-01-14,Tank-02,Tank Farm,95.83,319.0,35,No,NONE
2023-01-14,Compressor-01,Compressor Room,97.05,468.0,49,No,NONE
2023-01-14,Compressor-02,Compressor Room,95.9,343.0,15,No,NONE
2023-01-14,Pump-01,Chemical Storage,93.59,210.0,39,No,NONE
2023-01-14,Pump-02,Cooling Tower,95.46,286.0,28,No,NONE
2023-01-14,Cooling-01,Cooling Tower,94.39,241.0,30,No,NONE
2023-01-15,Boiler-01,Boiler House,98.08,776.0,24,No,NONE
2023-01-15,Boiler-02,Boiler House,97.43,578.0,49,No,NONE
2023-01-15,Tank-01,Tank Farm,96.12,374.0,50,No,NONE
2023-01-15,Tank-02,Tank Farm,95.57,318.0,36,No,NONE
2023-01-15,Compressor-01,Compressor Room,96.87,467.0,50,No,NONE
2023-01-15,Compressor-02,Compressor Room,95.6,342.0,16,No,NONE
2023-01-15,Pump-01,Chemical Storage,93.15,209.0,40,No,NONE
2023-01-15,Pump-02,Cooling Tower,95.11,285.0,29,No,NONE
2023-01-15,Cooling-01,Cooling Tower,93.97,240.0,31,No,NONE
2023-01-16,Boiler-01,Boiler House,97.98,775.0,25,No,NONE
2023-01-16,Boiler-02,Boiler House,97.24,577.0,50,No,NONE
2023-01-16,Tank-01,Tank Farm,95.83,373.0,51,No,NONE
2023-01-16,Tank-02,Tank Farm,95.28,317.0,37,No,NONE
2023-01-16,Compressor-01,Compressor Room,96.66,466.0,51,No,NONE
2023-01-16,Compressor-02,Compressor Room,95.3,341.0,17,No,NONE
2023-01-16,Pump-01,Chemical Storage,92.66,208.0,41,No,NONE
2023-01-16,Pump-02,Cooling Tower,94.72,284.0,30,No,NONE
2023-01-16,Cooling-01,Cooling Tower,93.52,239.0,32,No,NONE
2023-01-17,Boiler-01,Boiler House,97.83,774.0,26,No,NONE
2023-01-17,Boiler-02,Boiler House,97.05,576.0,51,No,NONE
2023-01-17,Tank-01,Tank Farm,95.62,372.0,52,No,NONE
2023-01-17,Tank-02,Tank Farm,94.96,316.0,38,No,NONE
2023-01-17,Compressor-01,Compressor Room,96.46,465.0,52,No,NONE
2023-01-17,Compressor-02,Compressor Room,94.99,340.0,18,No,NONE
2023-01-17,Pump-01,Chemical Storage,92.15,207.0,42,No,NONE
2023-01-17,Pump-02,Cooling Tower,94.32,283.0,31,No,NONE
2023-01-17,Cooling-01,Cooling Tower,93.09,238.0,33,No,NONE
2023-01-18,Boiler-01,Boiler House,97.7,773.0,27,No,NONE
2023-01-18,Boiler-02,Boiler House,96.87,575.0,52,No,NONE
2023-01-18,Tank-01,Tank Farm,95.39,371.0,53,No,NONE
2023-01-18,Tank-02,Tank Farm,94.66,315.0,39,No,NONE
2023-01-18,Compressor-01,Compressor Room,96.27,464.0,53,No,NONE
2023-01-18,Compressor-02,Compressor Room,94.74,339.0,19,No,NONE
2023-01-18,Pump-01,Chemical Storage,91.73,206.0,43,No,NONE
2023-01-18,Pump-02,Cooling Tower,94.0,282.0,32,No,NONE
2023-01-18,Cooling-01,Cooling Tower,92.74,237.0,34,No,NONE
2023-01-19,Boiler-01,Boiler House,97.6,772.0,28,No,NONE
2023-01-19,Boiler-02,Boiler House,96.72,574.0,53,No,NONE
2023-01-19,Tank-01,Tank Farm,95.11,370.0,54,No,NONE
2023-01-19,Tank-02,Tank Farm,94.4,314.0,40,No,NONE
2023-01-19,Compressor-01,Compressor Room,96.11,463.0,54,No,NONE
2023-01-19,Compressor-02,Compressor Room,94.42,338.0,20,No,NONE
2023-01-19,Pump-01,Chemical Storage,91.35,205.0,44,No,NONE
2023-01-19,Pump-02,Cooling Tower,93.68,281.0,33,No,NONE
2023-01-19,Cooling-01,Cooling Tower,92.33,236.0,35,No,NONE
2023-01-20,Boiler-01,Boiler House,97.46,771.0,29,No,NONE
2023-01-20,Boiler-02,Boiler House,96.56,573.0,54,No,NONE
2023-01-20,Tank-01,Tank Farm,94.86,369.0,55,No,NONE
2023-01-20,Tank-02,Tank Farm,94.06,313.0,41,No,NONE
2023-01-20,Compressor-01,Compressor Room,95.88,462.0,55,No,NONE
2023-01-20,Compressor-02,Compressor Room,94.19,337.0,21,No,NONE
2023-01-20,Pump-01,Chemical Storage,90.93,204.0,45,No,NONE
2023-01-20,Pump-02,Cooling Tower,93.34,280.0,34,No,NONE
2023-01-20,Cooling-01,Cooling Tower,91.99,235.0,36,No,NONE
2023-01-21,Boiler-01,Boiler House,97.31,769.0,30,No,NONE
2023-01-21,Boiler-02,Boiler House,96.38,572.0,55,No,NONE
2023-01-21,Tank-01,Tank Farm,94.62,368.0,56,No,NONE
2023-01-21,Tank-02,Tank Farm,93.79,312.0,42,No,NONE
2023-01-21,Compressor-01,Compressor Room,95.71,461.0,56,No,NONE
2023-01-21,Compressor-02,Compressor Room,93.92,336.0,22,No,NONE
2023-01-21,Pump-01,Chemical Storage,90.46,203.0,46,No,NONE
2023-01-21,Pump-02,Cooling Tower,92.95,279.0,35,No,NONE
2023-01-21,Cooling-01,Cooling Tower,91.57,234.0,37,No,NONE
2023-01-22,Boiler-01,Boiler House,97.2,769.0,31,No,NONE
2023-01-22,Boiler-02,Boiler House,96.22,571.0,56,No,NONE
2023-01-22,Tank-01,Tank Farm,94.37,367.0,57,No,NONE
2023-01-22,Tank-02,Tank Farm,93.51,311.0,43,No,NONE
2023-01-22,Compressor-01,Compressor Room,95.51,460.0,57,No,NONE
2023-01-22,Compressor-02,Compressor Room,93.63,335.0,23,No,NONE
2023-01-22,Pump-01,Chemical Storage,90.03,202.0,47,No,NONE
2023-01-22,Pump-02,Cooling Tower,92.63,278.0,36,No,NONE
2023-01-22,Cooling-01,Cooling Tower,91.19,233.0,38,No,NONE
2023-01-23,Boiler-01,Boiler House,97.1,768.0,32,No,NONE
2023-01-23,Boiler-02,Boiler House,96.06,570.0,57,No,NONE
2023-01-23,Tank-01,Tank Farm,94.14,366.0,58,No,NONE
2023-01-23,Tank-02,Tank Farm,93.24,310.0,44,No,NONE
2023-01-23,Compressor-01,Compressor Room,95.28,459.0,58,No,NONE
2023-01-23,Compressor-02,Compressor Room,93.38,334.0,24,No,NONE
2023-01-23,Pump-01,Chemical Storage,89.55,201.0,48,No,NONE
2023-01-23,Pump-02,Cooling Tower,92.24,276.0,37,No,NONE
2023-01-23,Cooling-01,Cooling Tower,90.75,232.0,39,No,NONE
2023-01-24,Boiler-01,Boiler House,96.98,767.0,33,No,NONE
2023-01-24,Boiler-02,Boiler House,95.86,569.0,58,No,NONE
2023-01-24,Tank-01,Tank Farm,93.87,365.0,59,No,NONE
2023-01-24,Tank-02,Tank Farm,92.96,309.0,45,No,NONE
2023-01-24,Compressor-01,Compressor Room,95.04,458.0,59,No,NONE
2023-01-24,Compressor-02,Compressor Room,93.07,333.0,25,No,NONE
2023-01-24,Pump-01,Chemical Storage,89.11,200.0,49,No,NONE
2023-01-24,Pump-02,Cooling Tower,91.85,275.0,38,No,NONE
2023-01-24,Cooling-01,Cooling Tower,90.35,231.0,40,No,NONE
2023-01-25,Boiler-01,Boiler House,96.84,766.0,34,No,NONE
2023-01-25,Boiler-02,Boiler House,95.68,568.0,59,No,NONE
2023-01-25,Tank-01,Tank Farm,93.58,364.0,60,No,NONE
2023-01-25,Tank-02,Tank Farm,92.67,308.0,46,No,NONE
2023-01-25,Compressor-01,Compressor Room,94.87,457.0,60,No,NONE
2023-01-25,Compressor-02,Compressor Room,92.79,332.0,26,No,NONE
2023-01-25,Pump-01,Chemical Storage,88.61,199.0,50,No,NONE
2023-01-25,Pump-02,Cooling Tower,91.45,274.0,39,No,NONE
2023-01-25,Cooling-01,Cooling Tower,89.95,230.0,41,No,NONE
2023-01-26,Boiler-01,Boiler House,96.7,765.0,35,No,NONE
2023-01-26,Boiler-02,Boiler House,95.48,567.0,60,No,NONE
2023-01-26,Tank-01,Tank Farm,93.35,363.0,61,No,NONE
2023-01-26,Tank-02,Tank Farm,92.41,307.0,47,No,NONE
2023-01-26,Compressor-01,Compressor Room,94.7,456.0,61,No,NONE
2023-01-26,Compressor-02,Compressor Room,92.54,331.0,27,No,NONE
2023-01-26,Pump-01,Chemical Storage,88.21,198.0,51,No,NONE
2023-01-26,Pump-02,Cooling Tower,91.14,273.0,40,No,NONE
2023-01-26,Cooling-01,Cooling Tower,89.62,229.0,42,No,NONE
2023-01-27,Boiler-01,Boiler House,96.59,764.0,36,No,NONE
2023-01-27,Boiler-02,Boiler House,95.29,566.0,61,No,NONE
2023-01-27,Tank-01,Tank Farm,93.05,362.0,62,No,NONE
2023-01-27,Tank-02,Tank Farm,92.09,306.0,48,No,NONE
2023-01-27,Compressor-01,Compressor Room,94.5,455.0,62,No,NONE
2023-01-27,Compressor-02,Compressor Room,92.28,330.0,28,No,NONE
2023-01-27,Pump-01,Chemical Storage,87.68,197.0,52,No,NONE
2023-01-27,Pump-02,Cooling Tower,90.84,272.0,41,No,NONE
2023-01-27,Cooling-01,Cooling Tower,89.18,228.0,43,No,NONE
2023-01-28,Boiler-01,Boiler House,96.48,763.0,37,No,NONE
2023-01-28,Boiler-02,Boiler House,95.12,565.0,62,No,NONE
2023-01-28,Tank-01,Tank Farm,92.83,361.0,63,No,NONE
2023-01-28,Tank-02,Tank Farm,91.77,305.0,49,No,NONE
2023-01-28,Compressor-01,Compressor Room,94.34,455.0,63,No,NONE
2023-01-28,Compressor-02,Compressor Room,91.96,329.0,29,No,NONE
2023-01-28,Pump-01,Chemical Storage,87.3,196.0,53,No,NONE
2023-01-28,Pump-02,Cooling Tower,90.48,271.0,42,No,NONE
2023-01-28,Cooling-01,Cooling Tower,88.77,227.0,44,No,NONE
2023-01-29,Boiler-01,Boiler House,96.34,762.0,38,No,NONE
2023-01-29,Boiler-02,Boiler House,94.95,563.0,63,No,NONE
2023-01-29,Tank-01,Tank Farm,92.62,360.0,64,No,NONE
2023-01-29,Tank-02,Tank Farm,91.48,304.0,50,No,NONE
2023-01-29,Compressor-01,Compressor Room,94.15,454.0,64,No,NONE
2023-01-29,Compressor-02,Compressor Room,91.67,328.0,30,No,NONE
2023-01-29,Pump-01,Chemical Storage,86.89,195.0,54,No,NONE
2023-01-29,Pump-02,Cooling Tower,90.21,270.0,43,No,NONE
2023-01-29,Cooling-01,Cooling Tower,88.31,226.0,45,No,NONE
2023-01-30,Boiler-01,Boiler House,96.21,761.0,39,No,NONE
2023-01-30,Boiler-02,Boiler House,94.75,562.0,64,No,NONE
2023-01-30,Tank-01,Tank Farm,92.35,359.0,65,No,NONE
2023-01-30,Tank-02,Tank Farm,91.14,303.0,51,No,NONE
2023-01-30,Compressor-01,Compressor Room,93.98,453.0,65,No,NONE
2023-01-30,Compressor-02,Compressor Room,91.36,327.0,31,No,NONE
2023-01-30,Pump-01,Chemical Storage,86.37,194.0,55,No,NONE
2023-01-30,Pump-02,Cooling Tower,89.87,269.0,44,No,NONE
2023-01-30,Cooling-01,Cooling Tower,87.95,225.0,46,No,NONE
2023-01-31,Boiler-01,Boiler House,96.08,760.0,40,No,NONE
2023-01-31,Boiler-02,Boiler House,94.6,561.0,65,No,NONE
2023-01-31,Tank-01,Tank Farm,92.13,358.0,66,No,NONE
2023-01-31,Tank-02,Tank Farm,90.82,302.0,52,No,NONE
2023-01-31,Compressor-01,Compressor Room,93.75,452.0,66,No,NONE
2023-01-31,Compressor-02,Compressor Room,91.08,326.0,32,No,NONE
2023-01-31,Pump-01,Chemical Storage,85.97,193.0,56,No,NONE
2023-01-31,Pump-02,Cooling Tower,89.53,268.0,45,No,NONE
2023-01-31,Cooling-01,Cooling Tower,87.51,224.0,47,No,NONE
2023-02-01,Boiler-01,Boiler House,95.98,759.0,41,No,NONE
2023-02-01,Boiler-02,Boiler House,94.46,561.0,66,No,NONE
2023-02-01,Tank-01,Tank Farm,91.87,357.0,67,No,NONE
2023-02-01,Tank-02,Tank Farm,90.47,301.0,53,No,NONE
2023-02-01,Compressor-01,Compressor Room,93.58,451.0,67,No,NONE
2023-02-01,Compressor-02,Compressor Room,90.76,325.0,33,No,NONE
2023-02-01,Pump-01,Chemical Storage,85.43,192.0,57,No,NONE
2023-02-01,Pump-02,Cooling Tower,89.16,267.0,46,No,NONE
2023-02-01,Cooling-01,Cooling Tower,87.05,222.0,48,No,NONE
2023-02-02,Boiler-01,Boiler House,95.85,758.0,42,No,NONE
2023-02-02,Boiler-02,Boiler House,94.3,560.0,67,No,NONE
2023-02-02,Tank-01,Tank Farm,91.58,356.0,68,No,NONE
2023-02-02,Tank-02,Tank Farm,90.11,300.0,54,No,NONE
2023-02-02,Compressor-01,Compressor Room,93.4,450.0,68,No,NONE
2023-02-02,Compressor-02,Compressor Room,90.46,323.0,34,No,NONE
2023-02-02,Pump-01,Chemical Storage,84.95,191.0,58,No,NONE
2023-02-02,Pump-02,Cooling Tower,88.77,266.0,47,No,NONE
2023-02-02,Cooling-01,Cooling Tower,86.72,222.0,49,No,NONE
2023-02-03,Boiler-01,Boiler House,95.71,757.0,43,No,NONE
2023-02-03,Boiler-02,Boiler House,94.15,559.0,68,No,NONE
2023-02-03,Tank-01,Tank Farm,91.29,355.0,69,No,NONE
2023-02-03,Tank-02,Tank Farm,89.83,299.0,55,No,NONE
2023-02-03,Compressor-01,Compressor Room,93.22,449.0,69,No,NONE
2023-02-03,Compressor-02,Compressor Room,90.2,323.0,35,No,NONE
2023-02-03,Pump-01,Chemical Storage,84.49,190.0,59,No,NONE
2023-02-03,Pump-02,Cooling Tower,88.37,265.0,48,No,NONE
2023-02-03,Cooling-01,Cooling Tower,86.28,220.0,50,No,NONE
2023-02-04,Boiler-01,Boiler House,95.59,756.0,44,No,NONE
2023-02-04,Boiler-02,Boiler House,93.98,558.0,69,No,NONE
2023-02-04,Tank-01,Tank Farm,91.03,354.0,70,No,NONE
2023-02-04,Tank-02,Tank Farm,89.56,298.0,56,No,NONE
2023-02-04,Compressor-01,Compressor Room,93.04,448.0,70,No,NONE
2023-02-04,Compressor-02,Compressor Room,89.94,322.0,36,No,NONE
2023-02-04,Pump-01,Chemical Storage,84.0,188.0,60,No,NONE
2023-02-04,Pump-02,Cooling Tower,88.0,264.0,49,No,NONE
2023-02-04,Cooling-01,Cooling Tower,85.83,219.0,51,No,NONE
2023-02-05,Boiler-01,Boiler House,95.46,755.0,45,No,NONE
2023-02-05,Boiler-02,Boiler House,93.81,557.0,70,No,NONE
2023-02-05,Tank-01,Tank Farm,90.81,353.0,71,No,NONE
2023-02-05,Tank-02,Tank Farm,89.26,297.0,57,No,NONE
2023-02-05,Compressor-01,Compressor Room,92.82,447.0,71,No,NONE
2023-02-05,Compressor-02,Compressor Room,89.63,320.0,37,No,NONE
2023-02-05,Pump-01,Chemical Storage,83.61,188.0,61,No,NONE
2023-02-05,Pump-02,Cooling Tower,87.73,263.0,50,No,NONE
2023-02-05,Cooling-01,Cooling Tower,85.52,218.0,52,No,NONE
2023-02-06,Boiler-01,Boiler House,95.34,754.0,46,No,NONE
2023-02-06,Boiler-02,Boiler House,93.64,556.0,71,No,NONE
2023-02-06,Tank-01,Tank Farm,90.6,353.0,72,No,NONE
2023-02-06,Tank-02,Tank Farm,88.92,296.0,58,No,NONE
2023-02-06,Compressor-01,Compressor Room,92.57,446.0,72,No,NONE
2023-02-06,Compressor-02,Compressor Room,89.4,320.0,38,No,NONE
2023-02-06,Pump-01,Chemical Storage,83.24,187.0,62,No,NONE
2023-02-06,Pump-02,Cooling Tower,87.41,262.0,51,No,NONE
2023-02-06,Cooling-01,Cooling Tower,85.15,217.0,53,No,NONE
2023-02-07,Boiler-01,Boiler House,95.23,753.0,47,No,NONE
2023-02-07,Boiler-02,Boiler House,93.46,555.0,72,No,NONE
2023-02-07,Tank-01,Tank Farm,90.35,352.0,73,No,NONE
2023-02-07,Tank-02,Tank Farm,88.59,295.0,59,No,NONE
2023-02-07,Compressor-01,Compressor Room,92.35,445.0,73,No,NONE
2023-02-07,Compressor-02,Compressor Room,89.11,319.0,39,No,NONE
2023-02-07,Pump-01,Chemical Storage,82.82,186.0,63,No,NONE
2023-02-07,Pump-02,Cooling Tower,87.08,261.0,52,No,NONE
2023-02-07,Cooling-01,Cooling Tower,84.71,216.0,54,No,NONE
2023-02-08,Boiler-01,Boiler House,95.11,752.0,48,No,NONE
2023-02-08,Boiler-02,Boiler House,93.26,553.0,73,No,NONE
2023-02-08,Tank-01,Tank Farm,90.13,351.0,74,No,NONE
2023-02-08,Tank-02,Tank Farm,88.24,294.0,60,No,NONE
2023-02-08,Compressor-01,Compressor Room,92.13,444.0,74,No,NONE
2023-02-08,Compressor-02,Compressor Room,88.86,318.0,40,No,NONE
2023-02-08,Pump-01,Chemical Storage,82.34,185.0,64,No,NONE
2023-02-08,Pump-02,Cooling Tower,86.78,260.0,53,No,NONE
2023-02-08,Cooling-01,Cooling Tower,84.32,215.0,55,No,NONE
2023-02-09,Boiler-01,Boiler House,94.96,751.0,49,No,NONE
2023-02-09,Boiler-02,Boiler House,93.08,552.0,74,No,NONE
2023-02-09,Tank-01,Tank Farm,89.83,350.0,75,No,NONE
2023-02-09,Tank-02,Tank Farm,87.93,293.0,61,No,NONE
2023-02-09,Compressor-01,Compressor Room,91.9,443.0,75,No,NONE
2023-02-09,Compressor-02,Compressor Room,88.56,317.0,41,No,NONE
2023-02-09,Pump-01,Chemical Storage,81.97,184.0,65,No,NONE
2023-02-09,Pump-02,Cooling Tower,86.48,259.0,54,No,NONE
2023-02-09,Cooling-01,Cooling Tower,83.96,214.0,56,No,NONE
2023-02-10,Boiler-01,Boiler House,94.84,750.0,50,No,NONE
2023-02-10,Boiler-02,Boiler House,92.92,551.0,75,No,NONE
2023-02-10,Tank-01,Tank Farm,89.59,349.0,76,No,NONE
2023-02-10,Tank-02,Tank Farm,87.57,291.0,62,No,NONE
2023-02-10,Compressor-01,Compressor Room,91.65,442.0,76,No,NONE
2023-02-10,Compressor-02,Compressor Room,88.31,316.0,42,No,NONE
2023-02-10,Pump-01,Chemical Storage,81.56,183.0,66,No,NONE
2023-02-10,Pump-02,Cooling Tower,86.15,258.0,55,No,NONE
2023-02-10,Cooling-01,Cooling Tower,83.61,214.0,57,No,NONE
2023-02-11,Boiler-01,Boiler House,94.74,749.0,51,No,NONE
2023-02-11,Boiler-02,Boiler House,92.72,550.0,76,No,NONE
2023-02-11,Tank-01,Tank Farm,89.35,348.0,77,No,NONE
2023-02-11,Tank-02,Tank Farm,87.29,290.0,63,No,NONE
2023-02-11,Compressor-01,Compressor Room,91.43,441.0,77,No,NONE
2023-02-11,Compressor-02,Compressor Room,88.01,315.0,43,No,NONE
2023-02-11,Pump-01,Chemical Storage,81.11,182.0,67,No,NONE
2023-02-11,Pump-02,Cooling Tower,85.81,257.0,56,No,NONE
2023-02-11,Cooling-01,Cooling Tower,83.2,212.0,58,No,NONE
2023-02-12,Boiler-01,Boiler House,94.61,748.0,52,No,NONE
2023-02-12,Boiler-02,Boiler House,92.57,549.0,77,No,NONE
2023-02-12,Tank-01,Tank Farm,89.07,347.0,78,No,NONE
2023-02-12,Tank-02,Tank Farm,87.04,290.0,64,No,NONE
2023-02-12,Compressor-01,Compressor Room,91.26,440.0,78,No,NONE
2023-02-12,Compressor-02,Compressor Room,87.68,314.0,44,No,NONE
2023-02-12,Pump-01,Chemical Storage,80.64,181.0,68,No,NONE
2023-02-12,Pump-02,Cooling Tower,85.42,256.0,57,No,NONE
2023-02-12,Cooling-01,Cooling Tower,82.83,212.0,59,No,NONE
2023-02-13,Boiler-01,Boiler House,94.5,747.0,53,No,NONE
2023-02-13,Boiler-02,Boiler House,92.39,548.0,78,No,NONE
2023-02-13,Tank-01,Tank Farm,88.81,346.0,79,No,NONE
2023-02-13,Tank-02,Tank Farm,86.77,289.0,65,No,NONE
2023-02-13,Compressor-01,Compressor Room,91.04,439.0,79,No,NONE
2023-02-13,Compressor-02,Compressor Room,87.35,312.0,45,No,NONE
2023-02-13,Pump-01,Chemical Storage,80.11,180.0,69,No,NONE
2023-02-13,Pump-02,Cooling Tower,85.08,255.0,58,No,NONE
2023-02-13,Cooling-01,Cooling Tower,82.47,211.0,60,No,NONE
2023-02-14,Boiler-01,Boiler House,94.36,746.0,54,No,NONE
2023-02-14,Boiler-02,Boiler House,92.2,547.0,79,No,NONE
2023-02-14,Tank-01,Tank Farm,88.59,345.0,80,No,NONE
2023-02-14,Tank-02,Tank Farm,86.5,288.0,66,No,NONE
2023-02-14,Compressor-01,Compressor Room,90.86,438.0,80,No,NONE
2023-02-14,Compressor-02,Compressor Room,87.05,311.0,46,No,NONE
2023-02-14,Pump-01,Chemical Storage,79.7,179.0,70,No,NONE
2023-02-14,Pump-02,Cooling Tower,84.73,254.0,59,No,NONE
2023-02-14,Cooling-01,Cooling Tower,82.07,210.0,61,No,NONE
2023-02-15,Boiler-01,Boiler House,94.24,745.0,55,No,NONE
2023-02-15,Boiler-02,Boiler House,92.01,546.0,80,No,NONE
2023-02-15,Tank-01,Tank Farm,88.3,344.0,81,No,NONE
2023-02-15,Tank-02,Tank Farm,86.19,287.0,67,No,NONE
2023-02-15,Compressor-01,Compressor Room,90.64,437.0,81,No,NONE
2023-02-15,Compressor-02,Compressor Room,86.77,310.0,47,No,NONE
2023-02-15,Pump-01,Chemical Storage,79.27,178.0,71,No,NONE
2023-02-15,Pump-02,Cooling Tower,84.42,253.0,60,No,NONE
2023-02-15,Cooling-01,Cooling Tower,81.75,209.0,62,No,NONE
2023-02-16,Boiler-01,Boiler House,94.1,744.0,56,No,NONE
2023-02-16,Boiler-02,Boiler House,91.85,545.0,81,No,NONE
2023-02-16,Tank-01,Tank Farm,88.01,342.0,82,No,NONE
2023-02-16,Tank-02,Tank Farm,85.9,286.0,68,No,NONE
2023-02-16,Compressor-01,Compressor Room,90.4,436.0,82,No,NONE
2023-02-16,Compressor-02,Compressor Room,86.47,309.0,48,No,NONE
2023-02-16,Pump-01,Chemical Storage,78.89,177.0,72,No,NONE
2023-02-16,Pump-02,Cooling Tower,84.1,252.0,61,No,NONE
2023-02-16,Cooling-01,Cooling Tower,81.34,208.0,63,No,NONE
2023-02-17,Boiler-01,Boiler House,93.97,743.0,57,No,NONE
2023-02-17,Boiler-02,Boiler House,91.65,544.0,82,No,NONE
2023-02-17,Tank-01,Tank Farm,87.71,341.0,83,No,NONE
2023-02-17,Tank-02,Tank Farm,85.63,285.0,69,No,NONE
2023-02-17,Compressor-01,Compressor Room,90.2,435.0,83,No,NONE
2023-02-17,Compressor-02,Compressor Room,86.2,308.0,49,No,NONE
2023-02-17,Pump-01,Chemical Storage,78.43,176.0,73,No,NONE
2023-02-17,Pump-02,Cooling Tower,83.78,251.0,62,No,NONE
2023-02-17,Cooling-01,Cooling Tower,80.91,207.0,64,No,NONE
2023-02-18,Boiler-01,Boiler House,93.86,742.0,58,No,NONE
2023-02-18,Boiler-02,Boiler House,91.46,543.0,83,No,NONE
2023-02-18,Tank-01,Tank Farm,87.47,340.0,84,No,NONE
2023-02-18,Tank-02,Tank Farm,85.32,284.0,70,No,NONE
2023-02-18,Compressor-01,Compressor Room,89.96,433.0,84,No,NONE
2023-02-18,Compressor-02,Compressor Room,85.94,307.0,50,No,NONE
2023-02-18,Pump-01,Chemical Storage,77.93,175.0,74,No,NONE
2023-02-18,Pump-02,Cooling Tower,83.4,250.0,63,No,NONE
2023-02-18,Cooling-01,Cooling Tower,80.57,206.0,65,No,NONE
2023-02-19,Boiler-01,Boiler House,93.72,741.0,59,No,NONE
2023-02-19,Boiler-02,Boiler House,91.28,542.0,84,No,NONE
2023-02-19,Tank-01,Tank Farm,87.21,339.0,85,No,NONE
2023-02-19,Tank-02,Tank Farm,85.01,283.0,71,No,NONE
2023-02-19,Compressor-01,Compressor Room,89.72,432.0,85,No,NONE
2023-02-19,Compressor-02,Compressor Room,85.64,306.0,51,No,NONE
2023-02-19,Pump-01,Chemical Storage,77.46,174.0,75,No,NONE
2023-02-19,Pump-02,Cooling Tower,83.13,249.0,64,No,NONE
2023-02-19,Cooling-01,Cooling Tower,80.2,205.0,66,No,NONE
2023-02-20,Boiler-01,Boiler House,93.6,740.0,60,No,NONE
2023-02-20,Boiler-02,Boiler House,91.09,541.0,85,No,NONE
2023-02-20,Tank-01,Tank Farm,86.94,338.0,86,No,NONE
2023-02-20,Tank-02,Tank Farm,84.66,282.0,72,No,NONE
2023-02-20,Compressor-01,Compressor Room,89.49,431.0,86,No,NONE
2023-02-20,Compressor-02,Compressor Room,85.37,305.0,52,No,NONE
2023-02-20,Pump-01,Chemical Storage,77.06,173.0,76,No,OVERHEAT
2023-02-20,Pump-02,Cooling Tower,82.85,248.0,65,No,NONE
2023-02-20,Cooling-01,Cooling Tower,79.77,204.0,67,No,NONE
2023-02-21,Boiler-01,Boiler House,93.49,739.0,61,No,NONE
2023-02-21,Boiler-02,Boiler House,90.89,539.0,86,No,NONE
2023-02-21,Tank-01,Tank Farm,86.67,337.0,87,No,NONE
2023-02-21,Tank-02,Tank Farm,84.31,281.0,73,No,NONE
2023-02-21,Compressor-01,Compressor Room,89.3,430.0,87,No,NONE
2023-02-21,Compressor-02,Compressor Room,85.09,304.0,53,No,NONE
2023-02-21,Pump-01,Chemical Storage,76.62,172.0,77,No,NONE
2023-02-21,Pump-02,Cooling Tower,82.48,247.0,66,No,NONE
2023-02-21,Cooling-01,Cooling Tower,79.45,203.0,68,No,NONE
2023-02-22,Boiler-01,Boiler House,93.34,738.0,62,No,NONE
2023-02-22,Boiler-02,Boiler House,90.72,538.0,87,No,NONE
2023-02-22,Tank-01,Tank Farm,86.38,336.0,88,No,NONE
2023-02-22,Tank-02,Tank Farm,84.06,280.0,74,No,NONE
2023-02-22,Compressor-01,Compressor Room,89.06,429.0,88,No,NONE
2023-02-22,Compressor-02,Compressor Room,84.86,303.0,54,No,NONE
2023-02-22,Pump-01,Chemical Storage,76.16,171.0,78,No,NONE
2023-02-22,Pump-02,Cooling Tower,82.09,246.0,67,No,NONE
2023-02-22,Cooling-01,Cooling Tower,79.0,202.0,69,No,NONE
2023-02-23,Boiler-01,Boiler House,93.2,737.0,63,No,NONE
2023-02-23,Boiler-02,Boiler House,90.56,537.0,88,No,NONE
2023-02-23,Tank-01,Tank Farm,86.15,335.0,89,No,NONE
2023-02-23,Tank-02,Tank Farm,83.77,279.0,75,No,NONE
2023-02-23,Compressor-01,Compressor Room,88.84,428.0,89,No,NONE
2023-02-23,Compressor-02,Compressor Room,84.55,302.0,55,No,NONE
2023-02-23,Pump-01,Chemical Storage,75.69,170.0,79,No,NONE
2023-02-23,Pump-02,Cooling Tower,81.73,245.0,68,No,NONE
2023-02-23,Cooling-01,Cooling Tower,78.56,201.0,70,No,LEAK
2023-02-24,Boiler-01,Boiler House,93.08,736.0,64,No,NONE
2023-02-24,Boiler-02,Boiler House,90.38,536.0,89,No,NONE
2023-02-24,Tank-01,Tank Farm,85.88,334.0,90,No,NONE
2023-02-24,Tank-02,Tank Farm,83.48,278.0,76,No,NONE
2023-02-24,Compressor-01,Compressor Room,88.59,427.0,90,No,NONE
2023-02-24,Compressor-02,Compressor Room,84.29,301.0,56,No,NONE
2023-02-24,Pump-01,Chemical Storage,75.33,169.0,80,No,NONE
2023-02-24,Pump-02,Cooling Tower,81.4,244.0,69,No,NONE
2023-02-24,Cooling-01,Cooling Tower,78.17,200.0,71,No,NONE
2023-02-25,Boiler-01,Boiler House,92.95,735.0,65,No,NONE
2023-02-25,Boiler-02,Boiler House,90.18,535.0,90,No,NONE
2023-02-25,Tank-01,Tank Farm,100.0,389.0,0,No,NONE
2023-02-25,Tank-02,Tank Farm,83.23,277.0,77,No,NONE
2023-02-25,Compressor-01,Compressor Room,100.0,482.0,0,No,NONE
2023-02-25,Compressor-02,Compressor Room,84.05,301.0,57,No,NONE
2023-02-25,Pump-01,Chemical Storage,74.82,168.0,81,No,NONE
2023-02-25,Pump-02,Cooling Tower,81.01,243.0,70,No,NONE
2023-02-25,Cooling-01,Cooling Tower,77.75,199.0,72,No,NONE
2023-02-26,Boiler-01,Boiler House,92.83,734.0,66,No,NONE
2023-02-26,Boiler-02,Boiler House,100.0,593.0,0,No,NONE
2023-02-26,Tank-01,Tank Farm,99.78,388.0,1,No,NONE
2023-02-26,Tank-02,Tank Farm,82.88,276.0,78,No,NONE
2023-02-26,Compressor-01,Compressor Room,99.77,481.0,1,No,NONE
2023-02-26,Compressor-02,Compressor Room,83.79,300.0,58,No,NONE
2023-02-26,Pump-01,Chemical Storage,74.41,167.0,82,No,NONE
2023-02-26,Pump-02,Cooling Tower,80.63,242.0,71,No,NONE
2023-02-26,Cooling-01,Cooling Tower,77.38,198.0,73,No,NONE
2023-02-27,Boiler-01,Boiler House,92.71,733.0,67,No,NONE
2023-02-27,Boiler-02,Boiler House,99.82,592.0,1,No,NONE
2023-02-27,Tank-01,Tank Farm,99.55,387.0,2,No,NONE
2023-02-27,Tank-02,Tank Farm,82.62,275.0,79,No,NONE
2023-02-27,Compressor-01,Compressor Room,99.56,480.0,2,No,NONE
2023-02-27,Compressor-02,Compressor Room,83.46,298.0,59,No,NONE
2023-02-27,Pump-01,Chemical Storage,73.92,166.0,83,No,NONE
2023-02-27,Pump-02,Cooling Tower,80.26,241.0,72,No,NONE
2023-02-27,Cooling-01,Cooling Tower,76.96,197.0,74,No,NONE
2023-02-28,Boiler-01,Boiler House,92.59,732.0,68,No,NONE
2023-02-28,Boiler-02,Boiler House,99.65,591.0,2,No,NONE
2023-02-28,Tank-01,Tank Farm,99.33,387.0,3,No,NONE
2023-02-28,Tank-02,Tank Farm,82.3,274.0,80,No,NONE
2023-02-28,Compressor-01,Compressor Room,99.34,479.0,3,No,NONE
2023-02-28,Compressor-02,Compressor Room,83.17,297.0,60,No,NONE
2023-02-28,Pump-01,Chemical Storage,73.42,165.0,84,No,NONE
2023-02-28,Pump-02,Cooling Tower,79.91,240.0,73,No,NONE
2023-02-28,Cooling-01,Cooling Tower,76.53,195.0,75,No,NONE
2023-03-01,Boiler-01,Boiler House,92.48,731.0,69,No,NONE
2023-03-01,Boiler-02,Boiler House,99.5,590.0,3,No,NONE
2023-03-01,Tank-01,Tank Farm,99.04,385.0,4,No,NONE
2023-03-01,Tank-02,Tank Farm,82.01,273.0,81,No,NONE
2023-03-01,Compressor-01,Compressor Room,99.12,478.0,4,No,NONE
2023-03-01,Compressor-02,Compressor Room,82.86,296.0,61,No,NONE
2023-03-01,Pump-01,Chemical Storage,72.99,164.0,85,No,NONE
2023-03-01,Pump-02,Cooling Tower,79.52,238.0,74,No,NONE
2023-03-01,Cooling-01,Cooling Tower,76.11,194.0,76,No,NONE
2023-03-02,Boiler-01,Boiler House,92.38,730.0,70,No,NONE
2023-03-02,Boiler-02,Boiler House,99.31,589.0,4,No,NONE
2023-03-02,Tank-01,Tank Farm,98.8,384.0,5,No,NONE
2023-03-02,Tank-02,Tank Farm,81.75,272.0,82,No,NONE
2023-03-02,Compressor-01,Compressor Room,98.95,477.0,5,No,NONE
2023-03-02,Compressor-02,Compressor Room,82.6,295.0,62,No,NONE
2023-03-02,Pump-01,Chemical Storage,72.61,163.0,86,No,OVERHEAT
2023-03-02,Pump-02,Cooling Tower,79.17,237.0,75,No,NONE
2023-03-02,Cooling-01,Cooling Tower,75.76,193.0,77,No,NONE
2023-03-03,Boiler-01,Boiler House,92.26,730.0,71,No,NONE
2023-03-03,Boiler-02,Boiler House,99.12,588.0,5,No,NONE
2023-03-03,Tank-01,Tank Farm,98.59,384.0,6,No,NONE
2023-03-03,Tank-02,Tank Farm,81.41,271.0,83,No,NONE
2023-03-03,Compressor-01,Compressor Room,98.75,476.0,6,No,NONE
2023-03-03,Compressor-02,Compressor Room,82.28,294.0,63,No,NONE
2023-03-03,Pump-01,Chemical Storage,72.09,162.0,87,No,NONE
2023-03-03,Pump-02,Cooling Tower,78.85,236.0,76,No,NONE
2023-03-03,Cooling-01,Cooling Tower,75.34,192.0,78,No,NONE
2023-03-04,Boiler-01,Boiler House,92.15,729.0,72,No,NONE
2023-03-04,Boiler-02,Boiler House,98.98,587.0,6,No,NONE
2023-03-04,Tank-01,Tank Farm,98.33,383.0,7,No,NONE
2023-03-04,Tank-02,Tank Farm,81.12,270.0,84,No,NONE
2023-03-04,Compressor-01,Compressor Room,98.51,475.0,7,No,NONE
2023-03-04,Compressor-02,Compressor Room,81.95,293.0,64,No,NONE
2023-03-04,Pump-01,Chemical Storage,71.58,161.0,88,No,NONE
2023-03-04,Pump-02,Cooling Tower,78.46,235.0,77,No,NONE
2023-03-04,Cooling-01,Cooling Tower,74.98,192.0,79,No,NONE
2023-03-05,Boiler-01,Boiler House,92.01,728.0,73,No,NONE
2023-03-05,Boiler-02,Boiler House,98.83,587.0,7,No,NONE
2023-03-05,Tank-01,Tank Farm,98.08,382.0,8,No,NONE
2023-03-05,Tank-02,Tank Farm,80.76,269.0,85,No,NONE
2023-03-05,Compressor-01,Compressor Room,98.3,474.0,8,No,NONE
2023-03-05,Compressor-02,Compressor Room,81.64,292.0,65,No,NONE
2023-03-05,Pump-01,Chemical Storage,71.15,160.0,89,No,NONE
2023-03-05,Pump-02,Cooling Tower,78.12,234.0,78,No,VIBRATION
2023-03-05,Cooling-01,Cooling Tower,74.57,190.0,80,No,NONE
2023-03-06,Boiler-01,Boiler House,91.88,726.0,74,No,NONE
2023-03-06,Boiler-02,Boiler House,98.66,586.0,8,No,NONE
2023-03-06,Tank-01,Tank Farm,97.85,381.0,9,No,NONE
2023-03-06,Tank-02,Tank Farm,80.4,268.0,86,No,NONE
2023-03-06,Compressor-01,Compressor Room,98.08,473.0,9,No,NONE
2023-03-06,Compressor-02,Compressor Room,81.32,291.0,66,No,NONE
2023-03-06,Pump-01,Chemical Storage,70.66,159.0,90,No,NONE
2023-03-06,Pump-02,Cooling Tower,77.85,233.0,79,No,NONE
2023-03-06,Cooling-01,Cooling Tower,74.22,190.0,81,No,NONE
2023-03-07,Boiler-01,Boiler House,91.75,725.0,75,No,NONE
2023-03-07,Boiler-02,Boiler House,98.49,584.0,9,No,NONE
2023-03-07,Tank-01,Tank Farm,97.63,380.0,10,No,NONE
2023-03-07,Tank-02,Tank Farm,80.08,266.0,87,No,NONE
2023-03-07,Compressor-01,Compressor Room,97.86,472.0,10,No,NONE
2023-03-07,Compressor-02,Compressor Room,81.03,290.0,67,No,NONE
2023-03-07,Pump-01,Chemical Storage,100.0,224.0,0,No,NONE
2023-03-07,Pump-02,Cooling Tower,77.49,232.0,80,No,NONE
2023-03-07,Cooling-01,Cooling Tower,73.77,188.0,82,No,NONE
2023-03-08,Boiler-01,Boiler House,91.64,725.0,76,No,NONE
2023-03-08,Boiler-02,Boiler House,98.34,584.0,10,No,NONE
2023-03-08,Tank-01,Tank Farm,97.39,379.0,11,No,NONE
2023-03-08,Tank-02,Tank Farm,79.81,266.0,88,No,NONE
2023-03-08,Compressor-01,Compressor Room,97.64,470.0,11,No,NONE
2023-03-08,Compressor-02,Compressor Room,80.76,289.0,68,No,NONE
2023-03-08,Pump-01,Chemical Storage,99.49,223.0,1,No,NONE
2023-03-08,Pump-02,Cooling Tower,77.17,231.0,81,No,NONE
2023-03-08,Cooling-01,Cooling Tower,73.37,187.0,83,No,NONE
2023-03-09,Boiler-01,Boiler House,91.51,724.0,77,No,NONE
2023-03-09,Boiler-02,Boiler House,98.15,582.0,11,No,NONE
2023-03-09,Tank-01,Tank Farm,97.1,378.0,12,No,NONE
2023-03-09,Tank-02,Tank Farm,79.48,264.0,89,No,NONE
2023-03-09,Compressor-01,Compressor Room,97.41,469.0,12,No,NONE
2023-03-09,Compressor-02,Compressor Room,80.5,288.0,69,No,NONE
2023-03-09,Pump-01,Chemical Storage,99.02,222.0,2,No,NONE
2023-03-09,Pump-02,Cooling Tower,76.84,230.0,82,No,NONE
2023-03-09,Cooling-01,Cooling Tower,72.92,186.0,84,No,NONE
2023-03-10,Boiler-01,Boiler House,91.37,723.0,78,No,NONE
2023-03-10,Boiler-02,Boiler House,97.97,581.0,12,No,NONE
2023-03-10,Tank-01,Tank Farm,96.82,377.0,13,No,NONE
2023-03-10,Tank-02,Tank Farm,79.14,263.0,90,No,NONE
2023-03-10,Compressor-01,Compressor Room,97.18,468.0,13,No,NONE
2023-03-10,Compressor-02,Compressor Room,80.21,287.0,70,No,NONE
2023-03-10,Pump-01,Chemical Storage,98.54,221.0,3,No,NONE
2023-03-10,Pump-02,Cooling Tower,76.57,229.0,83,No,NONE
2023-03-10,Cooling-01,Cooling Tower,72.51,185.0,85,No,NONE
2023-03-11,Boiler-01,Boiler House,91.22,721.0,79,No,NONE
2023-03-11,Boiler-02,Boiler House,97.81,580.0,13,No,NONE
2023-03-11,Tank-01,Tank Farm,96.57,376.0,14,No,NONE
2023-03-11,Tank-02,Tank Farm,100.0,333.0,0,No,NONE
2023-03-11,Compressor-01,Compressor Room,96.99,467.0,14,No,NONE
2023-03-11,Compressor-02,Compressor Room,79.92,286.0,71,No,NONE
2023-03-11,Pump-01,Chemical Storage,98.13,220.0,4,No,NONE
2023-03-11,Pump-02,Cooling Tower,76.27,229.0,84,No,NONE
2023-03-11,Cooling-01,Cooling Tower,72.06,184.0,86,No,LEAK
2023-03-12,Boiler-01,Boiler House,91.1,720.0,80,No,NONE
2023-03-12,Boiler-02,Boiler House,97.66,580.0,14,No,NONE
2023-03-12,Tank-01,Tank Farm,96.3,375.0,15,No,NONE
2023-03-12,Tank-02,Tank Farm,99.66,332.0,1,No,NONE
2023-03-12,Compressor-01,Compressor Room,96.79,466.0,15,No,NONE
2023-03-12,Compressor-02,Compressor Room,79.68,285.0,72,No,NONE
2023-03-12,Pump-01,Chemical Storage,97.76,219.0,5,No,NONE
2023-03-12,Pump-02,Cooling Tower,75.98,228.0,85,No,NONE
2023-03-12,Cooling-01,Cooling Tower,71.71,183.0,87,No,NONE
2023-03-13,Boiler-01,Boiler House,91.0,720.0,81,No,NONE
2023-03-13,Boiler-02,Boiler House,97.48,578.0,15,No,NONE
2023-03-13,Tank-01,Tank Farm,96.01,374.0,16,No,NONE
2023-03-13,Tank-02,Tank Farm,99.38,331.0,2,No,NONE
2023-03-13,Compressor-01,Compressor Room,96.57,465.0,16,No,NONE
2023-03-13,Compressor-02,Compressor Room,79.44,284.0,73,No,NONE
2023-03-13,Pump-01,Chemical Storage,97.23,218.0,6,No,NONE
2023-03-13,Pump-02,Cooling Tower,75.62,227.0,86,No,NONE
2023-03-13,Cooling-01,Cooling Tower,71.29,182.0,88,No,NONE
2023-03-14,Boiler-01,Boiler House,90.88,719.0,82,No,NONE
2023-03-14,Boiler-02,Boiler House,97.29,577.0,16,No,NONE
2023-03-14,Tank-01,Tank Farm,95.74,373.0,17,No,NONE
2023-03-14,Tank-02,Tank Farm,99.05,330.0,3,No,NONE
2023-03-14,Compressor-01,Compressor Room,96.35,464.0,17,No,NONE
2023-03-14,Compressor-02,Compressor Room,79.2,283.0,74,No,NONE
2023-03-14,Pump-01,Chemical Storage,96.81,217.0,7,No,NONE
2023-03-14,Pump-02,Cooling Tower,75.33,226.0,87,No,NONE
2023-03-14,Cooling-01,Cooling Tower,70.93,181.0,89,No,NONE
2023-03-15,Boiler-01,Boiler House,90.73,717.0,83,No,NONE
2023-03-15,Boiler-02,Boiler House,97.09,576.0,17,No,NONE
2023-03-15,Tank-01,Tank Farm,95.46,371.0,18,No,NONE
2023-03-15,Tank-02,Tank Farm,98.78,329.0,4,No,NONE
2023-03-15,Compressor-01,Compressor Room,96.15,463.0,18,No,NONE
2023-03-15,Compressor-02,Compressor Room,78.94,282.0,75,No,NONE
2023-03-15,Pump-01,Chemical Storage,96.34,216.0,8,No,NONE
2023-03-15,Pump-02,Cooling Tower,75.02,225.0,88,No,NONE
2023-03-15,Cooling-01,Cooling Tower,70.59,180.0,90,No,NONE
2023-03-16,Boiler-01,Boiler House,90.61,716.0,84,No,NONE
2023-03-16,Boiler-02,Boiler House,96.89,575.0,18,No,NONE
2023-03-16,Tank-01,Tank Farm,95.23,371.0,19,No,NONE
2023-03-16,Tank-02,Tank Farm,98.45,328.0,5,No,NONE
2023-03-16,Compressor-01,Compressor Room,95.94,462.0,19,No,NONE
2023-03-16,Compressor-02,Compressor Room,78.61,281.0,76,No,NONE
2023-03-16,Pump-01,Chemical Storage,95.84,215.0,9,No,NONE
2023-03-16,Pump-02,Cooling Tower,74.65,224.0,89,No,NONE
2023-03-16,Cooling-01,Cooling Tower,100.0,255.0,0,No,NONE
2023-03-17,Boiler-01,Boiler House,90.5,716.0,85,No,NONE
2023-03-17,Boiler-02,Boiler House,96.75,574.0,19,No,NONE
2023-03-17,Tank-01,Tank Farm,95.02,370.0,20,No,NONE
2023-03-17,Tank-02,Tank Farm,98.12,326.0,6,No,NONE
2023-03-17,Compressor-01,Compressor Room,95.71,461.0,20,No,NONE
2023-03-17,Compressor-02,Compressor Room,78.38,280.0,77,No,CORROSION
2023-03-17,Pump-01,Chemical Storage,95.37,214.0,10,No,NONE
2023-03-17,Pump-02,Cooling Tower,74.28,223.0,90,No,NONE
2023-03-17,Cooling-01,Cooling Tower,99.67,255.0,1,No,NONE
2023-03-18,Boiler-01,Boiler House,90.35,714.0,86,No,NONE
2023-03-18,Boiler-02,Boiler House,96.55,573.0,20,No,NONE
2023-03-18,Tank-01,Tank Farm,94.81,369.0,21,No,NONE
2023-03-18,Tank-02,Tank Farm,97.8,325.0,7,No,NONE
2023-03-18,Compressor-01,Compressor Room,95.51,460.0,21,No,NONE
2023-03-18,Compressor-02,Compressor Room,78.09,279.0,78,No,NONE
2023-03-18,Pump-01,Chemical Storage,94.87,213.0,11,No,NONE
2023-03-18,Pump-02,Cooling Tower,100.0,300.0,0,No,NONE
2023-03-18,Cooling-01,Cooling Tower,99.26,254.0,2,No,NONE
2023-03-19,Boiler-01,Boiler House,90.24,714.0,87,No,NONE
2023-03-19,Boiler-02,Boiler House,96.41,572.0,21,No,NONE
2023-03-19,Tank-01,Tank Farm,94.51,368.0,22,No,NONE
2023-03-19,Tank-02,Tank Farm,97.51,324.0,8,No,NONE
2023-03-19,Compressor-01,Compressor Room,95.28,459.0,22,No,NONE
2023-03-19,Compressor-02,Compressor Room,77.78,278.0,79,No,NONE
2023-03-19,Pump-01,Chemical Storage,94.48,212.0,12,No,NONE
2023-03-19,Pump-02,Cooling Tower,99.73,299.0,1,No,NONE
2023-03-19,Cooling-01,Cooling Tower,98.86,252.0,3,No,NONE
2023-03-20,Boiler-01,Boiler House,90.09,712.0,88,No,NONE
2023-03-20,Boiler-02,Boiler House,96.26,571.0,22,No,NONE
2023-03-20,Tank-01,Tank Farm,94.29,367.0,23,No,NONE
2023-03-20,Tank-02,Tank Farm,97.22,323.0,9,No,NONE
2023-03-20,Compressor-01,Compressor Room,95.04,458.0,23,No,NONE
2023-03-20,Compressor-02,Compressor Room,77.52,277.0,80,No,NONE
2023-03-20,Pump-01,Chemical Storage,94.09,211.0,13,No,NONE
2023-03-20,Pump-02,Cooling Tower,99.42,298.0,2,No,NONE
2023-03-20,Cooling-01,Cooling Tower,98.39,251.0,4,No,NONE
2023-03-21,Boiler-01,Boiler House,89.97,711.0,89,No,NONE
2023-03-21,Boiler-02,Boiler House,96.12,570.0,23,No,NONE
2023-03-21,Tank-01,Tank Farm,94.0,366.0,24,No,NONE
2023-03-21,Tank-02,Tank Farm,96.89,322.0,10,No,NONE
2023-03-21,Compressor-01,Compressor Room,94.87,457.0,24,No,NONE
2023-03-21,Compressor-02,Compressor Room,77.24,276.0,81,No,NONE
2023-03-21,Pump-01,Chemical Storage,93.66,210.0,14,No,NONE
2023-03-21,Pump-02,Cooling Tower,99.06,297.0,3,No,NONE
2023-03-21,Cooling-01,Cooling Tower,98.07,250.0,5,No,NONE
2023-03-22,Boiler-01,Boiler House,89.83,710.0,90,No,NONE
2023-03-22,Boiler-02,Boiler House,95.96,570.0,24,No,NONE
2023-03-22,Tank-01,Tank Farm,93.79,365.0,25,No,NONE
2023-03-22,Tank-02,Tank Farm,96.6,321.0,11,No,NONE
2023-03-22,Compressor-01,Compressor Room,94.69,456.0,25,No,NONE
2023-03-22,Compressor-02,Compressor Room,77.0,275.0,82,No,NONE
2023-03-22,Pump-01,Chemical Storage,93.16,209.0,15,No,NONE
2023-03-22,Pump-02,Cooling Tower,98.78,296.0,4,No,NONE
2023-03-22,Cooling-01,Cooling Tower,97.67,249.0,6,No,NONE
2023-03-23,Boiler-01,Boiler House,100.0,791.0,0,No,NONE
2023-03-23,Boiler-02,Boiler House,95.76,568.0,25,No,NONE
2023-03-23,Tank-01,Tank Farm,93.49,364.0,26,No,NONE
2023-03-23,Tank-02,Tank Farm,96.36,321.0,12,No,NONE
2023-03-23,Compressor-01,Compressor Room,94.49,455.0,26,No,NONE
2023-03-23,Compressor-02,Compressor Room,76.71,274.0,83,No,NONE
2023-03-23,Pump-01,Chemical Storage,92.75,208.0,16,No,NONE
2023-03-23,Pump-02,Cooling Tower,98.47,295.0,5,No,NONE
2023-03-23,Cooling-01,Cooling Tower,97.35,249.0,7,No,NONE
2023-03-24,Boiler-01,Boiler House,99.87,790.0,1,No,NONE
2023-03-24,Boiler-02,Boiler House,95.61,567.0,26,No,NONE
2023-03-24,Tank-01,Tank Farm,93.25,363.0,27,No,NONE
2023-03-24,Tank-02,Tank Farm,96.07,320.0,13,No,NONE
2023-03-24,Compressor-01,Compressor Room,94.3,454.0,27,No,NONE
2023-03-24,Compressor-02,Compressor Room,76.46,273.0,84,No,NONE
2023-03-24,Pump-01,Chemical Storage,92.3,207.0,17,No,NONE
2023-03-24,Pump-02,Cooling Tower,98.13,294.0,6,No,NONE
2023-03-24,Cooling-01,Cooling Tower,96.9,247.0,8,No,NONE
2023-03-25,Boiler-01,Boiler House,99.76,789.0,2,No,NONE
2023-03-25,Boiler-02,Boiler House,95.47,567.0,27,No,NONE
2023-03-25,Tank-01,Tank Farm,92.98,362.0,28,No,NONE
2023-03-25,Tank-02,Tank Farm,95.75,319.0,14,No,NONE
2023-03-25,Compressor-01,Compressor Room,94.11,453.0,28,No,NONE
2023-03-25,Compressor-02,Compressor Room,76.23,273.0,85,No,NONE
2023-03-25,Pump-01,Chemical Storage,91.86,206.0,18,No,NONE
2023-03-25,Pump-02,Cooling Tower,97.79,293.0,7,No,NONE
2023-03-25,Cooling-01,Cooling Tower,96.46,246.0,9,No,NONE
2023-03-26,Boiler-01,Boiler House,99.64,788.0,3,No,NONE
2023-03-26,Boiler-02,Boiler House,95.3,566.0,28,No,NONE
2023-03-26,Tank-01,Tank Farm,92.7,361.0,29,No,NONE
2023-03-26,Tank-02,Tank Farm,95.4,317.0,15,No,NONE
2023-03-26,Compressor-01,Compressor Room,93.87,452.0,29,No,NONE
2023-03-26,Compressor-02,Compressor Room,76.0,272.0,86,No,NONE
2023-03-26,Pump-01,Chemical Storage,91.4,205.0,19,No,NONE
2023-03-26,Pump-02,Cooling Tower,97.41,292.0,8,No,NONE
2023-03-26,Cooling-01,Cooling Tower,96.13,246.0,10,No,NONE
2023-03-27,Boiler-01,Boiler House,99.5,787.0,4,No,NONE
2023-03-27,Boiler-02,Boiler House,95.15,565.0,29,No,NONE
2023-03-27,Tank-01,Tank Farm,92.47,360.0,30,No,NONE
2023-03-27,Tank-02,Tank Farm,95.12,316.0,16,No,NONE
2023-03-27,Compressor-01,Compressor Room,93.69,451.0,30,No,NONE
2023-03-27,Compressor-02,Compressor Room,75.75,271.0,87,No,NONE
2023-03-27,Pump-01,Chemical Storage,90.87,204.0,20,No,NONE
2023-03-27,Pump-02,Cooling Tower,97.07,291.0,9,No,NONE
2023-03-27,Cooling-01,Cooling Tower,95.81,245.0,11,No,NONE
2023-03-28,Boiler-01,Boiler House,99.37,786.0,5,No,NONE
2023-03-28,Boiler-02,Boiler House,94.99,564.0,30,No,NONE
2023-03-28,Tank-01,Tank Farm,92.23,359.0,31,No,NONE
2023-03-28,Tank-02,Tank Farm,94.82,315.0,17,No,NONE
2023-03-28,Compressor-01,Compressor Room,93.47,450.0,31,No,NONE
2023-03-28,Compressor-02,Compressor Room,75.44,270.0,88,No,NONE
2023-03-28,Pump-01,Chemical Storage,90.43,203.0,21,No,NONE
2023-03-28,Pump-02,Cooling Tower,96.72,290.0,10,No,NONE
2023-03-28,Cooling-01,Cooling Tower,95.42,244.0,12,No,NONE
2023-03-29,Boiler-01,Boiler House,99.26,785.0,6,No,NONE
2023-03-29,Boiler-02,Boiler House,94.79,563.0,31,No,NONE
2023-03-29,Tank-01,Tank Farm,92.0,358.0,32,No,NONE
2023-03-29,Tank-02,Tank Farm,94.52,315.0,18,No,NONE
2023-03-29,Compressor-01,Compressor Room,93.24,449.0,32,No,NONE
2023-03-29,Compressor-02,Compressor Room,75.11,269.0,89,No,VIBRATION
2023-03-29,Pump-01,Chemical Storage,89.91,202.0,22,No,NONE
2023-03-29,Pump-02,Cooling Tower,96.41,289.0,11,No,NONE
2023-03-29,Cooling-01,Cooling Tower,95.06,243.0,13,No,NONE
2023-03-30,Boiler-01,Boiler House,99.16,784.0,7,No,NONE
2023-03-30,Boiler-02,Boiler House,94.61,561.0,32,No,NONE
2023-03-30,Tank-01,Tank Farm,91.77,357.0,33,No,NONE
2023-03-30,Tank-02,Tank Farm,94.27,314.0,19,No,NONE
2023-03-30,Compressor-01,Compressor Room,93.06,448.0,33,No,NONE
2023-03-30,Compressor-02,Compressor Room,74.84,268.0,90,No,NONE
2023-03-30,Pump-01,Chemical Storage,89.54,201.0,23,No,NONE
2023-03-30,Pump-02,Cooling Tower,96.06,288.0,12,No,NONE
2023-03-30,Cooling-01,Cooling Tower,94.73,242.0,14,No,NONE
2023-03-31,Boiler-01,Boiler House,99.03,783.0,8,No,NONE
2023-03-31,Boiler-02,Boiler House,94.43,560.0,33,No,NONE
2023-03-31,Tank-01,Tank Farm,91.54,356.0,34,No,NONE
2023-03-31,Tank-02,Tank Farm,94.01,313.0,20,No,NONE
2023-03-31,Compressor-01,Compressor Room,92.85,447.0,34,No,NONE
2023-03-31,Compressor-02,Compressor Room,100.0,358.0,0,No,NONE
2023-03-31,Pump-01,Chemical Storage,89.1,200.0,24,No,NONE
2023-03-31,Pump-02,Cooling Tower,95.73,287.0,13,No,NONE
2023-03-31,Cooling-01,Cooling Tower,94.32,241.0,15,No,NONE
2023-04-01,Boiler-01,Boiler House,98.88,782.0,9,No,NONE
2023-04-01,Boiler-02,Boiler House,94.29,560.0,34,No,NONE
2023-04-01,Tank-01,Tank Farm,91.27,355.0,35,No,NONE
2023-04-01,Tank-02,Tank Farm,93.66,312.0,21,No,NONE
2023-04-01,Compressor-01,Compressor Room,92.66,446.0,35,No,NONE
2023-04-01,Compressor-02,Compressor Room,99.68,356.0,1,No,NONE
2023-04-01,Pump-01,Chemical Storage,88.67,199.0,25,No,NONE
2023-04-01,Pump-02,Cooling Tower,95.46,286.0,14,No,NONE
2023-04-01,Cooling-01,Cooling Tower,93.87,240.0,16,No,NONE
