incident_id,timestamp,zone,equipment_id,incident_type,severity,injuries,root_cause
INC-00001,2023-01-01 01:20:00,Tank Farm,Tank-02,Spill,Medium,0,Unknown
INC-00002,2023-01-01 01:20:00,Compressor Room,Compressor-02,Equipment Failure,Medium,0,Human Error
INC-00003,2023-01-01 01:35:00,Boiler House,Boiler-01,Equipment Failure,Medium,0,Human Error
INC-00004,2023-01-01 03:15:00,Compressor Room,Compressor-01,Vibration Spike,Medium,0,Unknown
INC-00005,2023-01-01 08:25:00,Tank Farm,Tank-02,Gas Leak,High,0,Wear and Tear
INC-00006,2023-01-01 10:20:00,Cooling Tower,Pump-02,Electrical Fault,Critical,1,Human Error
INC-00007,2023-01-01 19:40:00,Boiler House,Boiler-02,Overheat,Low,0,Material Failure
INC-00008,2023-01-01 20:50:00,Compressor Room,Compressor-01,Equipment Failure,Medium,0,Material Failure
INC-00009,2023-01-01 21:25:00,Tank Farm,Tank-02,Gas Leak,Medium,0,Material Failure
INC-00010,2023-01-01 22:55:00,Chemical Storage,Pump-01,Equipment Failure,Medium,0,Material Failure
INC-00011,2023-01-02 05:50:00,Cooling Tower,Pump-02,Leak,Medium,0,Wear and Tear
INC-00012,2023-01-02 09:00:00,Compressor Room,Compressor-01,Equipment Failure,Low,0,Human Error
INC-00013,2023-01-02 12:30:00,Chemical Storage,Pump-01,Equipment Failure,Medium,0,Unknown
INC-00014,2023-01-02 15:10:00,Boiler House,Boiler-01,Equipment Failure,High,1,Material Failure
INC-00015,2023-01-02 15:10:00,Cooling Tower,Pump-02,Equipment Failure,Medium,0,Material Failure
INC-00016,2023-01-02 16:05:00,Tank Farm,Tank-01,Gas Leak,Low,0,Human Error
INC-00017,2023-01-03 01:15:00,Chemical Storage,Pump-01,Equipment Failure,Low,0,Material Failure
INC-00018,2023-01-03 08:40:00,Tank Farm,Tank-01,Gas Leak,Low,0,Wear and Tear
INC-00019,2023-01-03 18:45:00,Boiler House,Boiler-01,Explosion,Medium,0,Human Error
INC-00020,2023-01-03 20:00:00,Tank Farm,Tank-01,Spill,Critical,2,Wear and Tear
INC-00021,2023-01-03 20:55:00,Boiler House,Boiler-01,Overheat,Critical,2,Material Failure
INC-00022,2023-01-03 20:55:00,Tank Farm,Tank-02,Gas Leak,Medium,0,Material Failure
INC-00023,2023-01-03 22:55:00,Boiler House,Boiler-02,Equipment Failure,Low,0,Material Failure
INC-00024,2023-01-03 23:45:00,Cooling Tower,Pump-02,Leak,Medium,0,Material Failure
INC-00025,2023-01-04 00:15:00,Tank Farm,Tank-02,Gas Leak,Medium,0,Material Failure
INC-00026,2023-01-04 05:50:00,Cooling Tower,Cooling-01,Equipment Failure,Medium,0,Wear and Tear
INC-00027,2023-01-04 08:10:00,Tank Farm,Tank-02,Gas Leak,Medium,0,Human Error
INC-00028,2023-01-04 08:15:00,Boiler House,Boiler-01,Equipment Failure,Medium,0,Wear and Tear
INC-00029,2023-01-04 08:30:00,Tank Farm,Tank-01,Gas Leak,Low,0,Unknown
INC-00030,2023-01-04 10:35:00,Boiler House,Boiler-02,Equipment Failure,Medium,0,Unknown
INC-00031,2023-01-04 13:15:00,Boiler House,Boiler-01,Equipment Failure,Medium,0,Unknown
INC-00032,2023-01-04 14:00:00,Cooling Tower,Cooling-01,Equipment Failure,High,1,Wear and Tear
INC-00033,2023-01-04 17:00:00,Cooling Tower,Pump-02,Equipment Failure,Medium,0,Human Error
INC-00034,2023-01-04 17:15:00,Compressor Room,Compressor-01,Fire,Medium,0,Material Failure
INC-00035,2023-01-04 18:05:00,Compressor Room,Compressor-01,Equipment Failure,Low,0,Human Error
INC-00036,2023-01-05 05:40:00,Tank Farm,Tank-02,Gas Leak,Medium,0,Wear and Tear
INC-00037,2023-01-05 05:50:00,Chemical Storage,Pump-01,Equipment Failure,Medium,0,Material Failure
INC-00038,2023-01-05 09:45:00,Compressor Room,Compressor-02,Vibration Spike,Low,0,Human Error
INC-00039,2023-01-05 10:05:00,Compressor Room,Compressor-02,Equipment Failure,Medium,0,Human Error
INC-00040,2023-01-05 18:10:00,Boiler House,Boiler-01,Overheat,Medium,0,Wear and Tear
INC-00041,2023-01-05 20:55:00,Compressor Room,Compressor-02,Equipment Failure,Medium,0,Unknown
INC-00042,2023-01-05 23:50:00,Compressor Room,Compressor-01,Equipment Failure,Medium,0,Human Error
INC-00043,2023-01-06 05:30:00,Boiler House,Boiler-02,Equipment Failure,Critical,2,Wear and Tear
INC-00044,2023-01-06 05:30:00,Tank Farm,Tank-01,Gas Leak,Low,0,Wear and Tear
INC-00045,2023-01-06 11:15:00,Chemical Storage,Pump-01,Electrical Fault,Medium,0,Unknown
INC-00046,2023-01-07 01:30:00,Chemical Storage,Pump-01,Leak,Low,0,Wear and Tear
INC-00047,2023-01-07 04:30:00,Compressor Room,Compressor-02,Fire,Medium,0,Material Failure
INC-00048,2023-01-07 09:05:00,Tank Farm,Tank-01,Spill,Medium,0,Material Failure
INC-00049,2023-01-07 13:35:00,Tank Farm,Tank-02,Gas Leak,Low,0,Material Failure
INC-00050,2023-01-07 20:20:00,Chemical Storage,Pump-01,Equipment Failure,Medium,0,Human Error
INC-00051,2023-01-07 21:35:00,Boiler House,Boiler-01,Equipment Failure,Medium,0,Human Error
INC-00052,2023-01-08 07:30:00,Tank Farm,Tank-02,Gas Leak,Medium,0,Human Error
INC-00053,2023-01-08 08:30:00,Compressor Room,Compressor-01,Vibration Spike,Low,0,Human Error
INC-00054,2023-01-08 15:45:00,Boiler House,Boiler-02,Equipment Failure,High,2,Unknown
INC-00055,2023-01-08 19:50:00,Boiler House,Boiler-01,Equipment Failure,Medium,0,Unknown
INC-00056,2023-01-09 01:05:00,Compressor Room,Compressor-02,Vibration Spike,Low,0,Human Error
INC-00057,2023-01-09 01:30:00,Compressor Room,Compressor-01,Equipment Failure,Low,0,Human Error
INC-00058,2023-01-09 05:25:00,Tank Farm,Tank-02,Gas Leak,Medium,0,Material Failure
INC-00059,2023-01-09 13:05:00,Tank Farm,Tank-01,Gas Leak,Low,0,Unknown
INC-00060,2023-01-09 13:15:00,Cooling Tower,Cooling-01,Equipment Failure,Medium,0,Human Error
INC-00061,2023-01-09 21:05:00,Compressor Room,Compressor-02,Equipment Failure,Medium,0,Material Failure
INC-00062,2023-01-09 21:30:00,Cooling Tower,Pump-02,Electrical Fault,Medium,0,Material Failure
INC-00063,2023-01-10 05:10:00,Boiler House,Boiler-01,Overheat,High,0,Unknown
INC-00064,2023-01-10 05:30:00,Chemical Storage,Pump-01,Leak,Medium,0,Wear and Tear
INC-00065,2023-01-10 11:05:00,Cooling Tower,Cooling-01,Electrical Fault,Medium,0,Human Error
INC-00066,2023-01-10 12:30:00,Cooling Tower,Cooling-01,Equipment Failure,Medium,0,Unknown
INC-00067,2023-01-10 16:45:00,Boiler House,Boiler-01,Equipment Failure,High,1,Unknown
INC-00068,2023-01-10 17:50:00,Boiler House,Boiler-01,Explosion,High,0,Material Failure
INC-00069,2023-01-10 19:40:00,Boiler House,Boiler-01,Equipment Failure,Low,0,Human Error
INC-00070,2023-01-10 23:15:00,Boiler House,Boiler-02,Overheat,Medium,0,Wear and Tear
INC-00071,2023-01-11 00:40:00,Boiler House,Boiler-01,Equipment Failure,Medium,0,Human Error
INC-00072,2023-01-11 02:50:00,Compressor Room,Compressor-01,Equipment Failure,Medium,0,Material Failure
INC-00073,2023-01-11 07:45:00,Compressor Room,Compressor-02,Equipment Failure,Medium,0,Wear and Tear
INC-00074,2023-01-11 11:00:00,Cooling Tower,Pump-02,Equipment Failure,Low,0,Unknown
INC-00075,2023-01-11 11:20:00,Compressor Room,Compressor-02,Equipment Failure,Medium,0,Material Failure
INC-00076,2023-01-11 18:45:00,Boiler House,Boiler-01,Equipment Failure,Medium,0,Wear and Tear
INC-00077,2023-01-11 21:40:00,Tank Farm,Tank-01,Gas Leak,Low,0,Human Error
INC-00078,2023-01-11 23:50:00,Compressor Room,Compressor-02,Equipment Failure,Medium,0,Material Failure
INC-00079,2023-01-12 03:45:00,Cooling Tower,Cooling-01,Electrical Fault,Medium,0,Wear and Tear
INC-00080,2023-01-12 07:05:00,Cooling Tower,Pump-02,Equipment Failure,Medium,0,Material Failure
INC-00081,2023-01-12 16:30:00,Cooling Tower,Cooling-01,Electrical Fault,Medium,0,Wear and Tear
INC-00082,2023-01-13 00:30:00,Chemical Storage,Pump-01,Electrical Fault,Medium,0,Human Error
INC-00083,2023-01-13 11:05:00,Boiler House,Boiler-01,Equipment Failure,Medium,0,Material Failure
INC-00084,2023-01-13 17:25:00,Tank Farm,Tank-02,Gas Leak,Medium,0,Wear and Tear
INC-00085,2023-01-13 21:55:00,Compressor Room,Compressor-01,Equipment Failure,Medium,0,Wear and Tear
INC-00086,2023-01-14 00:55:00,Boiler House,Boiler-02,Equipment Failure,Low,0,Wear and Tear
INC-00087,2023-01-14 08:40:00,Cooling Tower,Pump-02,Leak,Medium,0,Human Error
INC-00088,2023-01-14 11:50:00,Tank Farm,Tank-01,Gas Leak,Critical,0,Human Error
INC-00089,2023-01-14 19:15:00,Chemical Storage,Pump-01,Equipment Failure,Medium,0,Wear and Tear
INC-00090,2023-01-14 20:40:00,Tank Farm,Tank-01,Gas Leak,Medium,0,Unknown
INC-00091,2023-01-15 00:40:00,Boiler House,Boiler-01,Equipment Failure,Medium,0,Human Error
INC-00092,2023-01-15 07:10:00,Tank Farm,Tank-02,Gas Leak,Low,0,Human Error
INC-00093,2023-01-15 08:00:00,Boiler House,Boiler-02,Explosion,Medium,0,Material Failure
INC-00094,2023-01-15 13:30:00,Compressor Room,Compressor-01,Equipment Failure,Medium,0,Wear and Tear
INC-00095,2023-01-15 19:20:00,Tank Farm,Tank-02,Gas Leak,Medium,0,Human Error
INC-00096,2023-01-15 21:00:00,Tank Farm,Tank-02,Spill,Medium,0,Wear and Tear
INC-00097,2023-01-15 23:10:00,Tank Farm,Tank-02,Gas Leak,High,2,Material Failure
INC-00098,2023-01-16 00:20:00,Tank Farm,Tank-02,Spill,Low,0,Material Failure
INC-00099,2023-01-16 01:00:00,Tank Farm,Tank-02,Spill,Medium,0,Wear and Tear
INC-00100,2023-01-16 02:15:00,Boiler House,Boiler-01,Equipment Failure,Critical,2,Material Failure
INC-00101,2023-01-16 12:10:00,Tank Farm,Tank-01,Gas Leak,High,0,Unknown
INC-00102,2023-01-16 14:15:00,Cooling Tower,Cooling-01,Electrical Fault,High,1,Human Error
INC-00103,2023-01-16 19:05:00,Cooling Tower,Cooling-01,Equipment Failure,Medium,0,Wear and Tear
INC-00104,2023-01-17 08:55:00,Compressor Room,Compressor-02,Equipment Failure,High,2,Wear and Tear
INC-00105,2023-01-17 11:50:00,Boiler House,Boiler-01,Equipment Failure,Medium,0,Material Failure
INC-00106,2023-01-17 14:30:00,Tank Farm,Tank-02,Gas Leak,Low,0,Unknown
INC-00107,2023-01-17 17:30:00,Compressor Room,Compressor-01,Equipment Failure,High,1,Unknown
INC-00108,2023-01-18 01:15:00,Tank Farm,Tank-02,Gas Leak,Critical,2,Human Error
INC-00109,2023-01-18 09:45:00,Compressor Room,Compressor-01,Equipment Failure,Medium,0,Unknown
INC-00110,2023-01-18 14:25:00,Boiler House,Boiler-01,Explosion,Medium,0,Unknown
INC-00111,2023-01-18 17:45:00,Chemical Storage,Pump-01,Equipment Failure,High,2,Material Failure
INC-00112,2023-01-18 18:00:00,Boiler House,Boiler-02,Overheat,Low,0,Unknown
INC-00113,2023-01-18 22:50:00,Compressor Room,Compressor-01,Equipment Failure,Medium,0,Unknown
INC-00114,2023-01-18 23:40:00,Cooling Tower,Cooling-01,Leak,High,1,Material Failure
INC-00115,2023-01-19 07:00:00,Cooling Tower,Cooling-01,Equipment Failure,Medium,0,Material Failure
INC-00116,2023-01-20 04:40:00,Boiler House,Boiler-01,Equipment Failure,Low,0,Wear and Tear
INC-00117,2023-01-20 08:40:00,Compressor Room,Compressor-01,Equipment Failure,Medium,0,Material Failure
INC-00118,2023-01-20 09:30:00,Tank Farm,Tank-02,Gas Leak,High,2,Unknown
INC-00119,2023-01-20 17:30:00,Compressor Room,Compressor-02,Equipment Failure,High,2,Wear and Tear
INC-00120,2023-01-20 20:55:00,Chemical Storage,Pump-01,Electrical Fault,Critical,0,Human Error
INC-00121,2023-01-21 01:50:00,Compressor Room,Compressor-01,Equipment Failure,Medium,0,Material Failure
INC-00122,2023-01-21 08:20:00,Chemical Storage,Pump-01,Equipment Failure,High,1,Unknown
INC-00123,2023-01-22 01:35:00,Boiler House,Boiler-02,Overheat,High,2,Material Failure
INC-00124,2023-01-22 05:35:00,Cooling Tower,Pump-02,Electrical Fault,Low,0,Wear and Tear
INC-00125,2023-01-22 05:45:00,Boiler House,Boiler-01,Equipment Failure,Medium,0,Human Error
INC-00126,2023-01-22 09:50:00,Boiler House,Boiler-01,Equipment Failure,Critical,1,Unknown
INC-00127,2023-01-22 11:05:00,Tank Farm,Tank-01,Gas Leak,Low,0,Unknown
INC-00128,2023-01-22 17:20:00,Cooling Tower,Cooling-01,Equipment Failure,Medium,0,Human Error
INC-00129,2023-01-22 18:55:00,Cooling Tower,Cooling-01,Equipment Failure,Low,0,Material Failure
INC-00130,2023-01-22 21:20:00,Compressor Room,Compressor-02,Equipment Failure,Medium,0,Wear and Tear
INC-00131,2023-01-23 02:20:00,Cooling Tower,Pump-02,Equipment Failure,Low,0,Material Failure
INC-00132,2023-01-23 19:10:00,Cooling Tower,Pump-02,Electrical Fault,Critical,2,Material Failure
INC-00133,2023-01-23 19:35:00,Tank Farm,Tank-02,Gas Leak,Medium,0,Unknown
INC-00134,2023-01-24 06:35:00,Tank Farm,Tank-01,Gas Leak,High,0,Human Error
INC-00135,2023-01-24 10:15:00,Cooling Tower,Pump-02,Electrical Fault,Medium,0,Unknown
INC-00136,2023-01-24 23:35:00,Boiler House,Boiler-01,Equipment Failure,Medium,0,Unknown
INC-00137,2023-01-25 06:30:00,Boiler House,Boiler-01,Overheat,Low,0,Unknown
INC-00138,2023-01-25 07:10:00,Chemical Storage,Pump-01,Electrical Fault,Low,0,Unknown
INC-00139,2023-01-25 07:50:00,Compressor Room,Compressor-01,Equipment Failure,High,0,Unknown
INC-00140,2023-01-25 13:00:00,Boiler House,Boiler-01,Overheat,High,0,Material Failure
INC-00141,2023-01-26 01:00:00,Cooling Tower,Cooling-01,Electrical Fault,Medium,0,Unknown
INC-00142,2023-01-26 02:15:00,Boiler House,Boiler-02,Overheat,Critical,2,Human Error
INC-00143,2023-01-26 09:00:00,Boiler House,Boiler-01,Overheat,Medium,0,Unknown
INC-00144,2023-01-26 17:10:00,Boiler House,Boiler-02,Equipment Failure,Medium,0,Wear and Tear
INC-00145,2023-01-27 13:15:00,Cooling Tower,Cooling-01,Electrical Fault,Medium,0,Unknown
INC-00146,2023-01-27 18:50:00,Boiler House,Boiler-02,Overheat,High,0,Human Error
INC-00147,2023-01-27 20:30:00,Cooling Tower,Pump-02,Equipment Failure,Medium,0,Human Error
INC-00148,2023-01-27 22:20:00,Tank Farm,Tank-01,Spill,Critical,1,Material Failure
INC-00149,2023-01-27 23:30:00,Compressor Room,Compressor-01,Vibration Spike,Medium,0,Material Failure
INC-00150,2023-01-28 01:30:00,Tank Farm,Tank-02,Gas Leak,Medium,0,Material Failure
INC-00151,2023-01-28 01:50:00,Compressor Room,Compressor-01,Equipment Failure,High,0,Wear and Tear
INC-00152,2023-01-28 03:10:00,Tank Farm,Tank-02,Gas Leak,Critical,2,Human Error
INC-00153,2023-01-28 21:25:00,Compressor Room,Compressor-02,Equipment Failure,Medium,0,Human Error
INC-00154,2023-01-29 01:05:00,Boiler House,Boiler-01,Equipment Failure,Low,0,Human Error
INC-00155,2023-01-29 05:20:00,Boiler House,Boiler-02,Overheat,Medium,0,Unknown
INC-00156,2023-01-29 13:00:00,Cooling Tower,Cooling-01,Electrical Fault,High,0,Human Error
INC-00157,2023-01-29 13:30:00,Tank Farm,Tank-02,Gas Leak,Medium,0,Human Error
INC-00158,2023-01-29 13:40:00,Boiler House,Boiler-02,Equipment Failure,Low,0,Material Failure
INC-00159,2023-01-29 16:30:00,Tank Farm,Tank-01,Gas Leak,Medium,0,Wear and Tear
INC-00160,2023-01-30 07:00:00,Compressor Room,Compressor-01,Equipment Failure,Low,0,Unknown
INC-00161,2023-01-30 12:15:00,Boiler House,Boiler-01,Equipment Failure,High,1,Unknown
INC-00162,2023-01-30 13:30:00,Boiler House,Boiler-01,Equipment Failure,High,2,Unknown
INC-00163,2023-01-30 13:45:00,Compressor Room,Compressor-01,Equipment Failure,High,2,Unknown
INC-00164,2023-01-31 00:10:00,Tank Farm,Tank-02,Gas Leak,Medium,0,Material Failure
INC-00165,2023-01-31 01:50:00,Boiler House,Boiler-01,Equipment Failure,Medium,0,Unknown
INC-00166,2023-01-31 03:20:00,Chemical Storage,Pump-01,Electrical Fault,Medium,0,Human Error
INC-00167,2023-01-31 09:10:00,Boiler House,Boiler-01,Equipment Failure,High,2,Material Failure
INC-00168,2023-01-31 11:35:00,Compressor Room,Compressor-02,Equipment Failure,Low,0,Unknown
INC-00169,2023-01-31 14:05:00,Chemical Storage,Pump-01,Electrical Fault,Medium,0,Material Failure
INC-00170,2023-01-31 20:00:00,Cooling Tower,Pump-02,Equipment Failure,Medium,0,Unknown
INC-00171,2023-02-01 04:20:00,Compressor Room,Compressor-01,Vibration Spike,Medium,0,Unknown
INC-00172,2023-02-01 07:35:00,Tank Farm,Tank-02,Gas Leak,High,0,Unknown
INC-00173,2023-02-01 19:30:00,Tank Farm,Tank-01,Gas Leak,Low,0,Human Error
INC-00174,2023-02-02 03:55:00,Tank Farm,Tank-01,Gas Leak,Critical,1,Unknown
INC-00175,2023-02-02 05:45:00,Chemical Storage,Pump-01,Electrical Fault,Medium,0,Material Failure
INC-00176,2023-02-02 07:05:00,Compressor Room,Compressor-01,Equipment Failure,High,1,Wear and Tear
INC-00177,2023-02-02 07:05:00,Cooling Tower,Pump-02,Electrical Fault,Medium,0,Human Error
INC-00178,2023-02-02 20:20:00,Chemical Storage,Pump-01,Equipment Failure,Medium,0,Material Failure
INC-00179,2023-02-02 22:35:00,Boiler House,Boiler-02,Equipment Failure,High,0,Material Failure
INC-00180,2023-02-03 02:05:00,Tank Farm,Tank-02,Gas Leak,High,0,Material Failure
INC-00181,2023-02-03 07:30:00,Boiler House,Boiler-01,Overheat,High,2,Wear and Tear
INC-00182,2023-02-03 12:05:00,Tank Farm,Tank-02,Gas Leak,High,2,Unknown
INC-00183,2023-02-03 13:10:00,Chemical Storage,Pump-01,Equipment Failure,Critical,2,Unknown
INC-00184,2023-02-03 13:50:00,Compressor Room,Compressor-02,Equipment Failure,Medium,0,Wear and Tear
INC-00185,2023-02-03 15:50:00,Compressor Room,Compressor-02,Equipment Failure,Medium,0,Unknown
INC-00186,2023-02-03 17:25:00,Tank Farm,Tank-02,Gas Leak,Medium,0,Wear and Tear
INC-00187,2023-02-03 20:50:00,Tank Farm,Tank-01,Gas Leak,Low,0,Unknown
INC-00188,2023-02-03 22:10:00,Boiler House,Boiler-02,Overheat,High,0,Human Error
INC-00189,2023-02-04 05:15:00,Tank Farm,Tank-01,Gas Leak,Low,0,Human Error
INC-00190,2023-02-04 08:20:00,Tank Farm,Tank-02,Gas Leak,Medium,0,Material Failure
INC-00191,2023-02-04 20:00:00,Boiler House,Boiler-01,Equipment Failure,High,1,Unknown
INC-00192,2023-02-04 20:35:00,Tank Farm,Tank-01,Gas Leak,Medium,0,Material Failure
INC-00193,2023-02-04 22:40:00,Boiler House,Boiler-02,Overheat,Medium,0,Human Error
INC-00194,2023-02-05 01:50:00,Chemical Storage,Pump-01,Electrical Fault,Low,0,Material Failure
INC-00195,2023-02-05 05:10:00,Tank Farm,Tank-01,Gas Leak,Low,0,Material Failure
INC-00196,2023-02-05 12:35:00,Tank Farm,Tank-02,Gas Leak,Medium,0,Unknown
INC-00197,2023-02-05 12:40:00,Boiler House,Boiler-02,Equipment Failure,Medium,0,Wear and Tear
INC-00198,2023-02-05 20:35:00,Cooling Tower,Cooling-01,Electrical Fault,Low,0,Wear and Tear
INC-00199,2023-02-05 21:50:00,Compressor Room,Compressor-01,Equipment Failure,Medium,0,Human Error
INC-00200,2023-02-06 00:00:00,Tank Farm,Tank-02,Gas Leak,Medium,0,Unknown
INC-00201,2023-02-06 01:35:00,Tank Farm,Tank-02,Gas Leak,Medium,0,Human Error
INC-00202,2023-02-06 06:40:00,Compressor Room,Compressor-01,Vibration Spike,Medium,0,Wear and Tear
INC-00203,2023-02-06 08:20:00,Compressor Room,Compressor-02,Equipment Failure,Medium,0,Material Failure
INC-00204,2023-02-06 17:10:00,Compressor Room,Compressor-01,Equipment Failure,Medium,0,Material Failure
INC-00205,2023-02-06 19:30:00,Tank Farm,Tank-02,Gas Leak,Medium,0,Human Error
INC-00206,2023-02-06 21:45:00,Cooling Tower,Cooling-01,Electrical Fault,Medium,0,Human Error
INC-00207,2023-02-06 22:15:00,Boiler House,Boiler-02,Overheat,Medium,0,Material Failure
INC-00208,2023-02-07 00:20:00,Boiler House,Boiler-02,Overheat,Medium,0,Unknown
INC-00209,2023-02-07 12:55:00,Cooling Tower,Cooling-01,Electrical Fault,Low,0,Material Failure
INC-00210,2023-02-07 15:05:00,Compressor Room,Compressor-02,Equipment Failure,Medium,0,Unknown
INC-00211,2023-02-07 20:10:00,Cooling Tower,Pump-02,Leak,Medium,0,Wear and Tear
INC-00212,2023-02-07 20:30:00,Cooling Tower,Cooling-01,Equipment Failure,Medium,0,Material Failure
INC-00213,2023-02-08 01:20:00,Compressor Room,Compressor-02,Equipment Failure,Medium,0,Unknown
INC-00214,2023-02-08 02:25:00,Tank Farm,Tank-02,Gas Leak,Medium,0,Human Error
INC-00215,2023-02-08 07:10:00,Boiler House,Boiler-01,Equipment Failure,Medium,0,Material Failure
INC-00216,2023-02-08 13:05:00,Boiler House,Boiler-01,Overheat,High,0,Material Failure
INC-00217,2023-02-08 20:35:00,Compressor Room,Compressor-02,Equipment Failure,High,1,Material Failure
INC-00218,2023-02-08 21:30:00,Compressor Room,Compressor-01,Equipment Failure,High,0,Unknown
INC-00219,2023-02-09 04:30:00,Tank Farm,Tank-02,Gas Leak,Medium,0,Human Error
INC-00220,2023-02-09 08:10:00,Tank Farm,Tank-01,Spill,Critical,1,Human Error
INC-00221,2023-02-09 10:10:00,Compressor Room,Compressor-01,Vibration Spike,High,1,Human Error
INC-00222,2023-02-09 13:20:00,Tank Farm,Tank-01,Gas Leak,High,2,Human Error
INC-00223,2023-02-09 15:05:00,Boiler House,Boiler-01,Equipment Failure,Low,0,Wear and Tear
INC-00224,2023-02-09 16:10:00,Boiler House,Boiler-02,Overheat,High,0,Material Failure
INC-00225,2023-02-09 22:20:00,Compressor Room,Compressor-01,Vibration Spike,Medium,0,Unknown
INC-00226,2023-02-10 00:00:00,Chemical Storage,Pump-01,Leak,Critical,3,Wear and Tear
INC-00227,2023-02-10 05:10:00,Boiler House,Boiler-02,Equipment Failure,High,2,Unknown
INC-00228,2023-02-10 05:35:00,Compressor Room,Compressor-01,Equipment Failure,High,1,Unknown
INC-00229,2023-02-10 06:50:00,Boiler House,Boiler-01,Equipment Failure,Critical,0,Human Error
INC-00230,2023-02-10 09:30:00,Compressor Room,Compressor-02,Equipment Failure,Medium,0,Unknown
INC-00231,2023-02-10 10:20:00,Tank Farm,Tank-01,Spill,High,0,Human Error
INC-00232,2023-02-10 20:10:00,Cooling Tower,Cooling-01,Electrical Fault,High,0,Human Error
INC-00233,2023-02-10 20:20:00,Tank Farm,Tank-02,Gas Leak,Medium,0,Material Failure
INC-00234,2023-02-11 05:10:00,Cooling Tower,Cooling-01,Electrical Fault,Medium,0,Human Error
INC-00235,2023-02-11 19:10:00,Compressor Room,Compressor-01,Equipment Failure,Low,0,Wear and Tear
INC-00236,2023-02-11 22:25:00,Tank Farm,Tank-02,Gas Leak,Medium,0,Human Error
INC-00237,2023-02-12 00:15:00,Boiler House,Boiler-01,Equipment Failure,Medium,0,Unknown
INC-00238,2023-02-12 00:45:00,Tank Farm,Tank-02,Gas Leak,Medium,0,Wear and Tear
INC-00239,2023-02-12 02:55:00,Tank Farm,Tank-02,Spill,Critical,0,Unknown
INC-00240,2023-02-12 09:30:00,Boiler House,Boiler-02,Equipment Failure,Medium,0,Material Failure
INC-00241,2023-02-12 15:10:00,Chemical Storage,Pump-01,Equipment Failure,Medium,0,Material Failure
INC-00242,2023-02-12 15:45:00,Chemical Storage,Pump-01,Equipment Failure,High,2,Wear and Tear
INC-00243,2023-02-12 16:45:00,Compressor Room,Compressor-02,Equipment Failure,Medium,0,Human Error
INC-00244,2023-02-12 21:40:00,Chemical Storage,Pump-01,Electrical Fault,Low,0,Human Error
INC-00245,2023-02-13 02:55:00,Tank Farm,Tank-01,Gas Leak,Medium,0,Unknown
INC-00246,2023-02-13 06:55:00,Tank Farm,Tank-01,Gas Leak,Medium,0,Wear and Tear
INC-00247,2023-02-13 07:55:00,Compressor Room,Compressor-01,Equipment Failure,Low,0,Human Error
INC-00248,2023-02-14 01:25:00,Compressor Room,Compressor-01,Equipment Failure,High,0,Human Error
INC-00249,2023-02-14 07:40:00,Chemical Storage,Pump-01,Leak,Medium,0,Unknown
INC-00250,2023-02-14 09:15:00,Compressor Room,Compressor-02,Equipment Failure,Medium,0,Wear and Tear
INC-00251,2023-02-14 10:00:00,Cooling Tower,Cooling-01,Equipment Failure,High,1,Unknown
INC-00252,2023-02-14 12:15:00,Compressor Room,Compressor-01,Vibration Spike,Critical,2,Unknown
INC-00253,2023-02-14 14:05:00,Chemical Storage,Pump-01,Equipment Failure,Medium,0,Material Failure
INC-00254,2023-02-14 14:05:00,Cooling Tower,Cooling-01,Equipment Failure,Medium,0,Wear and Tear
INC-00255,2023-02-14 15:20:00,Tank Farm,Tank-02,Gas Leak,Low,0,Wear and Tear
INC-00256,2023-02-14 19:35:00,Cooling Tower,Pump-02,Electrical Fault,Medium,0,Wear and Tear
INC-00257,2023-02-15 04:05:00,Boiler House,Boiler-01,Equipment Failure,Low,0,Human Error
INC-00258,2023-02-15 19:20:00,Tank Farm,Tank-01,Gas Leak,High,0,Unknown
INC-00259,2023-02-16 01:40:00,Cooling Tower,Cooling-01,Electrical Fault,Medium,0,Material Failure
INC-00260,2023-02-16 05:45:00,Compressor Room,Compressor-01,Vibration Spike,Medium,0,Unknown
INC-00261,2023-02-16 09:10:00,Cooling Tower,Pump-02,Leak,Medium,0,Wear and Tear
INC-00262,2023-02-16 17:00:00,Cooling Tower,Pump-02,Electrical Fault,Medium,0,Material Failure
INC-00263,2023-02-16 19:35:00,Chemical Storage,Pump-01,Leak,Medium,0,Unknown
INC-00264,2023-02-17 05:00:00,Chemical Storage,Pump-01,Electrical Fault,Critical,2,Wear and Tear
INC-00265,2023-02-17 08:00:00,Boiler House,Boiler-02,Equipment Failure,Medium,0,Human Error
INC-00266,2023-02-17 09:30:00,Compressor Room,Compressor-02,Equipment Failure,Low,0,Material Failure
INC-00267,2023-02-17 19:05:00,Boiler House,Boiler-01,Overheat,Low,0,Human Error
INC-00268,2023-02-17 22:50:00,Tank Farm,Tank-01,Gas Leak,Medium,0,Wear and Tear
INC-00269,2023-02-17 23:25:00,Boiler House,Boiler-01,Equipment Failure,Medium,0,Material Failure
INC-00270,2023-02-18 00:00:00,Cooling Tower,Pump-02,Equipment Failure,Medium,0,Wear and Tear
INC-00271,2023-02-18 02:20:00,Compressor Room,Compressor-02,Equipment Failure,Medium,0,Unknown
INC-00272,2023-02-18 03:10:00,Cooling Tower,Pump-02,Equipment Failure,Low,0,Material Failure
INC-00273,2023-02-18 05:40:00,Tank Farm,Tank-02,Spill,Low,0,Human Error
INC-00274,2023-02-18 07:35:00,Boiler House,Boiler-01,Equipment Failure,Medium,0,Human Error
INC-00275,2023-02-18 11:50:00,Cooling Tower,Cooling-01,Equipment Failure,High,2,Wear and Tear
INC-00276,2023-02-18 17:40:00,Boiler House,Boiler-02,Equipment Failure,Medium,0,Wear and Tear
INC-00277,2023-02-18 22:50:00,Boiler House,Boiler-02,Equipment Failure,High,1,Human Error
INC-00278,2023-02-19 02:20:00,Cooling Tower,Cooling-01,Electrical Fault,Medium,0,Wear and Tear
INC-00279,2023-02-19 05:05:00,Compressor Room,Compressor-02,Equipment Failure,Medium,0,Material Failure
INC-00280,2023-02-19 08:40:00,Compressor Room,Compressor-02,Equipment Failure,Medium,0,Material Failure
INC-00281,2023-02-19 12:35:00,Cooling Tower,Cooling-01,Electrical Fault,Medium,0,Wear and Tear
INC-00282,2023-02-19 13:25:00,Compressor Room,Compressor-01,Equipment Failure,Medium,0,Material Failure
INC-00283,2023-02-19 22:50:00,Tank Farm,Tank-01,Gas Leak,High,2,Wear and Tear
INC-00284,2023-02-20 03:05:00,Compressor Room,Compressor-01,Equipment Failure,High,0,Material Failure
INC-00285,2023-02-20 03:50:00,Tank Farm,Tank-01,Gas Leak,High,0,Wear and Tear
INC-00286,2023-02-20 05:20:00,Cooling Tower,Pump-02,Electrical Fault,Medium,0,Material Failure
INC-00287,2023-02-20 07:45:00,Tank Farm,Tank-01,Gas Leak,Medium,0,Wear and Tear
INC-00288,2023-02-20 15:20:00,Cooling Tower,Cooling-01,Equipment Failure,High,0,Human Error
INC-00289,2023-02-20 15:40:00,Cooling Tower,Cooling-01,Equipment Failure,High,2,Unknown
INC-00290,2023-02-20 20:00:00,Boiler House,Boiler-01,Overheat,Critical,1,Unknown
INC-00291,2023-02-21 05:05:00,Chemical Storage,Pump-01,Leak,Low,0,Material Failure
INC-00292,2023-02-21 14:40:00,Compressor Room,Compressor-01,Vibration Spike,Medium,0,Human Error
INC-00293,2023-02-21 17:25:00,Boiler House,Boiler-01,Overheat,High,0,Human Error
INC-00294,2023-02-21 19:35:00,Tank Farm,Tank-02,Gas Leak,Medium,0,Wear and Tear
INC-00295,2023-02-21 22:00:00,Cooling Tower,Cooling-01,Equipment Failure,Low,0,Wear and Tear
INC-00296,2023-02-22 08:55:00,Cooling Tower,Pump-02,Leak,Medium,0,Material Failure
INC-00297,2023-02-22 09:20:00,Compressor Room,Compressor-02,Vibration Spike,Medium,0,Human Error
INC-00298,2023-02-22 10:15:00,Compressor Room,Compressor-01,Vibration Spike,Medium,0,Material Failure
INC-00299,2023-02-22 14:15:00,Cooling Tower,Pump-02,Leak,High,2,Unknown
INC-00300,2023-02-22 18:40:00,Cooling Tower,Pump-02,Electrical Fault,Medium,0,Human Error
INC-00301,2023-02-22 20:15:00,Cooling Tower,Pump-02,Equipment Failure,Medium,0,Material Failure
INC-00302,2023-02-23 13:40:00,Tank Farm,Tank-01,Gas Leak,High,0,Unknown
INC-00303,2023-02-23 19:25:00,Tank Farm,Tank-02,Gas Leak,Medium,0,Human Error
INC-00304,2023-02-23 21:30:00,Boiler House,Boiler-01,Equipment Failure,Low,0,Unknown
INC-00305,2023-02-24 06:50:00,Tank Farm,Tank-02,Gas Leak,High,1,Wear and Tear
INC-00306,2023-02-24 11:05:00,Compressor Room,Compressor-02,Equipment Failure,Medium,0,Wear and Tear
INC-00307,2023-02-24 17:20:00,Compressor Room,Compressor-02,Equipment Failure,Low,0,Unknown
INC-00308,2023-02-25 08:20:00,Boiler House,Boiler-02,Equipment Failure,Medium,0,Material Failure
INC-00309,2023-02-25 09:25:00,Compressor Room,Compressor-01,Equipment Failure,Medium,0,Material Failure
INC-00310,2023-02-25 09:25:00,Compressor Room,Compressor-02,Vibration Spike,Medium,0,Human Error
INC-00311,2023-02-25 15:25:00,Boiler House,Boiler-02,Equipment Failure,Medium,0,Wear and Tear
INC-00312,2023-02-25 16:30:00,Boiler House,Boiler-02,Overheat,Low,0,Human Error
INC-00313,2023-02-25 23:55:00,Tank Farm,Tank-02,Gas Leak,High,0,Human Error
INC-00314,2023-02-26 00:20:00,Compressor Room,Compressor-01,Equipment Failure,Medium,0,Unknown
INC-00315,2023-02-26 12:30:00,Tank Farm,Tank-02,Gas Leak,Medium,0,Material Failure
INC-00316,2023-02-26 12:40:00,Boiler House,Boiler-02,Equipment Failure,High,1,Unknown
INC-00317,2023-02-26 21:35:00,Tank Farm,Tank-02,Gas Leak,High,1,Unknown
INC-00318,2023-02-27 04:50:00,Boiler House,Boiler-01,Equipment Failure,High,1,Human Error
INC-00319,2023-02-27 05:30:00,Cooling Tower,Pump-02,Equipment Failure,Low,0,Wear and Tear
INC-00320,2023-02-27 08:30:00,Compressor Room,Compressor-02,Equipment Failure,Low,0,Wear and Tear
INC-00321,2023-02-27 08:55:00,Tank Farm,Tank-01,Spill,High,0,Unknown
INC-00322,2023-02-27 10:25:00,Cooling Tower,Pump-02,Electrical Fault,Medium,0,Unknown
INC-00323,2023-02-27 13:25:00,Tank Farm,Tank-02,Gas Leak,Low,0,Material Failure
INC-00324,2023-02-27 13:50:00,Cooling Tower,Pump-02,Equipment Failure,Medium,0,Unknown
INC-00325,2023-02-27 16:10:00,Tank Farm,Tank-02,Gas Leak,High,1,Unknown
INC-00326,2023-02-27 16:40:00,Boiler House,Boiler-02,Equipment Failure,Low,0,Unknown
INC-00327,2023-02-27 18:00:00,Cooling Tower,Pump-02,Electrical Fault,Medium,0,Material Failure
INC-00328,2023-02-28 10:55:00,Boiler House,Boiler-01,Equipment Failure,Critical,1,Human Error
INC-00329,2023-02-28 14:30:00,Tank Farm,Tank-02,Spill,Medium,0,Human Error
INC-00330,2023-03-01 08:40:00,Tank Farm,Tank-02,Gas Leak,Low,0,Human Error
INC-00331,2023-03-01 17:05:00,Compressor Room,Compressor-02,Equipment Failure,Low,0,Human Error
INC-00332,2023-03-02 03:40:00,Tank Farm,Tank-01,Gas Leak,High,1,Human Error
INC-00333,2023-03-02 15:45:00,Boiler House,Boiler-01,Overheat,High,1,Human Error
INC-00334,2023-03-03 12:45:00,Chemical Storage,Pump-01,Equipment Failure,Medium,0,Material Failure
INC-00335,2023-03-03 18:00:00,Tank Farm,Tank-01,Gas Leak,Low,0,Human Error
INC-00336,2023-03-03 19:45:00,Cooling Tower,Pump-02,Electrical Fault,Medium,0,Material Failure
INC-00337,2023-03-03 22:55:00,Compressor Room,Compressor-01,Equipment Failure,Medium,0,Human Error
INC-00338,2023-03-04 06:20:00,Boiler House,Boiler-02,Overheat,Low,0,Human Error
INC-00339,2023-03-04 07:25:00,Cooling Tower,Cooling-01,Leak,High,2,Material Failure
INC-00340,2023-03-04 11:05:00,Cooling Tower,Pump-02,Equipment Failure,High,2,Wear and Tear
INC-00341,2023-03-04 13:15:00,Tank Farm,Tank-02,Gas Leak,Low,0,Wear and Tear
INC-00342,2023-03-04 14:00:00,Cooling Tower,Pump-02,Leak,Low,0,Wear and Tear
INC-00343,2023-03-04 14:05:00,Cooling Tower,Pump-02,Leak,Medium,0,Wear and Tear
INC-00344,2023-03-04 22:40:00,Chemical Storage,Pump-01,Electrical Fault,Low,0,Unknown
INC-00345,2023-03-05 07:40:00,Cooling Tower,Pump-02,Leak,Medium,0,Unknown
INC-00346,2023-03-05 10:00:00,Tank Farm,Tank-02,Spill,Critical,0,Human Error
INC-00347,2023-03-05 14:15:00,Cooling Tower,Cooling-01,Electrical Fault,Low,0,Human Error
INC-00348,2023-03-05 16:25:00,Compressor Room,Compressor-02,Equipment Failure,Medium,0,Human Error
INC-00349,2023-03-05 19:20:00,Chemical Storage,Pump-01,Equipment Failure,High,2,Material Failure
INC-00350,2023-03-05 22:55:00,Cooling Tower,Pump-02,Equipment Failure,Low,0,Unknown
INC-00351,2023-03-06 02:45:00,Cooling Tower,Pump-02,Electrical Fault,Medium,0,Material Failure
INC-00352,2023-03-06 03:15:00,Boiler House,Boiler-01,Explosion,Medium,0,Material Failure
INC-00353,2023-03-06 09:35:00,Compressor Room,Compressor-02,Fire,Critical,1,Human Error
INC-00354,2023-03-06 18:35:00,Cooling Tower,Cooling-01,Equipment Failure,Low,0,Material Failure
INC-00355,2023-03-06 20:35:00,Cooling Tower,Cooling-01,Equipment Failure,Low,0,Unknown
INC-00356,2023-03-07 00:35:00,Cooling Tower,Pump-02,Leak,Critical,2,Human Error
INC-00357,2023-03-07 22:20:00,Cooling Tower,Cooling-01,Leak,Critical,0,Wear and Tear
INC-00358,2023-03-08 00:30:00,Tank Farm,Tank-01,Gas Leak,Medium,0,Wear and Tear
INC-00359,2023-03-08 03:55:00,Boiler House,Boiler-01,Explosion,Low,0,Unknown
INC-00360,2023-03-08 07:45:00,Tank Farm,Tank-02,Gas Leak,Medium,0,Human Error
INC-00361,2023-03-08 11:00:00,Tank Farm,Tank-02,Gas Leak,Medium,0,Wear and Tear
INC-00362,2023-03-08 15:15:00,Cooling Tower,Pump-02,Leak,Medium,0,Human Error
INC-00363,2023-03-08 23:55:00,Compressor Room,Compressor-01,Equipment Failure,Medium,0,Human Error
INC-00364,2023-03-09 01:05:00,Boiler House,Boiler-02,Overheat,Low,0,Unknown
INC-00365,2023-03-09 08:45:00,Compressor Room,Compressor-01,Equipment Failure,Low,0,Wear and Tear
INC-00366,2023-03-09 12:10:00,Compressor Room,Compressor-01,Vibration Spike,High,2,Human Error
INC-00367,2023-03-09 12:40:00,Tank Farm,Tank-01,Spill,Low,0,Unknown
INC-00368,2023-03-09 17:10:00,Chemical Storage,Pump-01,Electrical Fault,High,0,Human Error
INC-00369,2023-03-09 23:45:00,Cooling Tower,Cooling-01,Electrical Fault,Medium,0,Unknown
INC-00370,2023-03-10 06:10:00,Boiler House,Boiler-02,Equipment Failure,Low,0,Material Failure
INC-00371,2023-03-10 11:15:00,Cooling Tower,Cooling-01,Electrical Fault,Medium,0,Human Error
INC-00372,2023-03-10 21:35:00,Tank Farm,Tank-02,Gas Leak,Medium,0,Material Failure
INC-00373,2023-03-11 06:30:00,Chemical Storage,Pump-01,Electrical Fault,Medium,0,Human Error
INC-00374,2023-03-11 13:20:00,Compressor Room,Compressor-02,Fire,High,0,Material Failure
INC-00375,2023-03-11 13:40:00,Boiler House,Boiler-01,Overheat,High,1,Material Failure
INC-00376,2023-03-11 15:35:00,Cooling Tower,Cooling-01,Electrical Fault,Low,0,Material Failure
INC-00377,2023-03-11 18:30:00,Tank Farm,Tank-01,Gas Leak,Low,0,Human Error
INC-00378,2023-03-11 20:45:00,Cooling Tower,Cooling-01,Electrical Fault,High,1,Human Error
INC-00379,2023-03-11 23:30:00,Boiler House,Boiler-01,Equipment Failure,Low,0,Unknown
INC-00380,2023-03-12 01:45:00,Boiler House,Boiler-02,Overheat,Medium,0,Unknown
INC-00381,2023-03-12 01:45:00,Cooling Tower,Cooling-01,Electrical Fault,High,1,Material Failure
INC-00382,2023-03-12 03:00:00,Boiler House,Boiler-02,Overheat,Medium,0,Wear and Tear
INC-00383,2023-03-12 03:10:00,Tank Farm,Tank-02,Gas Leak,Medium,0,Unknown
INC-00384,2023-03-12 03:25:00,Chemical Storage,Pump-01,Electrical Fault,Medium,0,Material Failure
INC-00385,2023-03-12 05:00:00,Chemical Storage,Pump-01,Equipment Failure,Low,0,Wear and Tear
INC-00386,2023-03-12 07:35:00,Cooling Tower,Pump-02,Electrical Fault,High,1,Material Failure
INC-00387,2023-03-12 19:10:00,Boiler House,Boiler-01,Equipment Failure,Medium,0,Human Error
INC-00388,2023-03-13 11:30:00,Tank Farm,Tank-01,Spill,High,1,Unknown
INC-00389,2023-03-13 13:10:00,Tank Farm,Tank-01,Gas Leak,Medium,0,Wear and Tear
INC-00390,2023-03-13 14:20:00,Boiler House,Boiler-01,Equipment Failure,High,2,Material Failure
INC-00391,2023-03-14 02:35:00,Tank Farm,Tank-02,Gas Leak,Critical,1,Human Error
INC-00392,2023-03-14 04:00:00,Cooling Tower,Pump-02,Leak,Low,0,Human Error
INC-00393,2023-03-14 22:30:00,Boiler House,Boiler-02,Overheat,High,1,Material Failure
INC-00394,2023-03-15 00:40:00,Boiler House,Boiler-01,Equipment Failure,High,1,Material Failure
INC-00395,2023-03-15 03:15:00,Cooling Tower,Pump-02,Electrical Fault,Critical,1,Material Failure
INC-00396,2023-03-15 03:55:00,Boiler House,Boiler-01,Equipment Failure,Low,0,Human Error
INC-00397,2023-03-15 13:55:00,Cooling Tower,Cooling-01,Equipment Failure,Medium,0,Human Error
INC-00398,2023-03-15 16:35:00,Compressor Room,Compressor-02,Equipment Failure,Medium,0,Wear and Tear
INC-00399,2023-03-15 19:35:00,Tank Farm,Tank-01,Gas Leak,High,1,Material Failure
INC-00400,2023-03-16 00:20:00,Boiler House,Boiler-01,Equipment Failure,Medium,0,Unknown
INC-00401,2023-03-16 15:05:00,Tank Farm,Tank-01,Spill,High,2,Unknown
INC-00402,2023-03-16 16:50:00,Boiler House,Boiler-02,Equipment Failure,Medium,0,Material Failure
INC-00403,2023-03-16 22:05:00,Boiler House,Boiler-02,Overheat,Medium,0,Unknown
INC-00404,2023-03-17 02:15:00,Tank Farm,Tank-01,Spill,Low,0,Unknown
INC-00405,2023-03-17 03:00:00,Chemical Storage,Pump-01,Leak,Medium,0,Material Failure
INC-00406,2023-03-17 05:10:00,Boiler House,Boiler-01,Overheat,Medium,0,Material Failure
INC-00407,2023-03-17 08:35:00,Cooling Tower,Cooling-01,Electrical Fault,Medium,0,Human Error
INC-00408,2023-03-17 08:40:00,Boiler House,Boiler-01,Equipment Failure,Medium,0,Unknown
INC-00409,2023-03-17 15:35:00,Chemical Storage,Pump-01,Equipment Failure,Critical,0,Material Failure
INC-00410,2023-03-17 21:10:00,Compressor Room,Compressor-01,Equipment Failure,High,1,Unknown
INC-00411,2023-03-17 23:10:00,Tank Farm,Tank-02,Gas Leak,High,2,Wear and Tear
INC-00412,2023-03-18 00:35:00,Boiler House,Boiler-01,Equipment Failure,High,0,Wear and Tear
INC-00413,2023-03-18 01:30:00,Cooling Tower,Pump-02,Electrical Fault,High,1,Wear and Tear
INC-00414,2023-03-18 02:20:00,Boiler House,Boiler-02,Equipment Failure,Low,0,Wear and Tear
INC-00415,2023-03-18 05:40:00,Tank Farm,Tank-01,Gas Leak,High,0,Human Error
INC-00416,2023-03-18 09:25:00,Compressor Room,Compressor-01,Equipment Failure,Low,0,Wear and Tear
INC-00417,2023-03-18 09:45:00,Cooling Tower,Pump-02,Equipment Failure,Low,0,Human Error
INC-00418,2023-03-18 10:00:00,Chemical Storage,Pump-01,Electrical Fault,Medium,0,Material Failure
INC-00419,2023-03-18 21:05:00,Compressor Room,Compressor-01,Equipment Failure,Medium,0,Wear and Tear
INC-00420,2023-03-19 03:45:00,Chemical Storage,Pump-01,Electrical Fault,Medium,0,Material Failure
INC-00421,2023-03-19 07:40:00,Tank Farm,Tank-01,Gas Leak,Medium,0,Material Failure
INC-00422,2023-03-19 09:00:00,Cooling Tower,Pump-02,Equipment Failure,Low,0,Human Error
INC-00423,2023-03-19 12:30:00,Tank Farm,Tank-01,Gas Leak,Medium,0,Human Error
INC-00424,2023-03-19 13:30:00,Boiler House,Boiler-01,Equipment Failure,High,1,Human Error
INC-00425,2023-03-19 17:40:00,Cooling Tower,Cooling-01,Equipment Failure,Low,0,Human Error
INC-00426,2023-03-19 19:40:00,Boiler House,Boiler-01,Equipment Failure,Medium,0,Unknown
INC-00427,2023-03-19 22:10:00,Cooling Tower,Pump-02,Equipment Failure,Low,0,Unknown
INC-00428,2023-03-20 01:55:00,Tank Farm,Tank-01,Gas Leak,Medium,0,Human Error
INC-00429,2023-03-20 10:45:00,Cooling Tower,Cooling-01,Equipment Failure,Medium,0,Unknown
INC-00430,2023-03-20 11:05:00,Chemical Storage,Pump-01,Leak,Low,0,Human Error
INC-00431,2023-03-20 16:50:00,Compressor Room,Compressor-02,Vibration Spike,Low,0,Material Failure
INC-00432,2023-03-20 21:40:00,Chemical Storage,Pump-01,Electrical Fault,Medium,0,Unknown
INC-00433,2023-03-21 05:05:00,Compressor Room,Compressor-01,Vibration Spike,High,1,Human Error
INC-00434,2023-03-21 15:10:00,Compressor Room,Compressor-01,Equipment Failure,Critical,2,Human Error
INC-00435,2023-03-21 15:35:00,Tank Farm,Tank-01,Gas Leak,High,2,Human Error
INC-00436,2023-03-21 20:50:00,Boiler House,Boiler-01,Equipment Failure,Medium,0,Material Failure
INC-00437,2023-03-21 21:50:00,Tank Farm,Tank-01,Gas Leak,Medium,0,Human Error
INC-00438,2023-03-22 01:40:00,Cooling Tower,Cooling-01,Electrical Fault,Medium,0,Unknown
INC-00439,2023-03-22 04:10:00,Compressor Room,Compressor-01,Equipment Failure,Medium,0,Wear and Tear
INC-00440,2023-03-22 06:45:00,Chemical Storage,Pump-01,Electrical Fault,Medium,0,Human Error
INC-00441,2023-03-22 12:10:00,Cooling Tower,Cooling-01,Equipment Failure,High,0,Wear and Tear
INC-00442,2023-03-22 16:30:00,Tank Farm,Tank-02,Gas Leak,Medium,0,Wear and Tear
INC-00443,2023-03-23 02:20:00,Boiler House,Boiler-02,Explosion,Medium,0,Unknown
INC-00444,2023-03-23 05:55:00,Boiler House,Boiler-02,Equipment Failure,High,0,Human Error
INC-00445,2023-03-23 06:20:00,Compressor Room,Compressor-01,Vibration Spike,Critical,0,Human Error
INC-00446,2023-03-23 06:55:00,Tank Farm,Tank-02,Gas Leak,High,0,Wear and Tear
INC-00447,2023-03-23 09:45:00,Tank Farm,Tank-02,Gas Leak,Critical,0,Material Failure
INC-00448,2023-03-23 10:40:00,Boiler House,Boiler-01,Overheat,Low,0,Human Error
INC-00449,2023-03-23 16:30:00,Chemical Storage,Pump-01,Equipment Failure,Medium,0,Human Error
INC-00450,2023-03-24 17:55:00,Tank Farm,Tank-01,Gas Leak,High,1,Unknown
INC-00451,2023-03-24 18:00:00,Compressor Room,Compressor-01,Vibration Spike,Low,0,Wear and Tear
INC-00452,2023-03-25 07:25:00,Tank Farm,Tank-02,Gas Leak,High,2,Unknown
INC-00453,2023-03-25 16:35:00,Compressor Room,Compressor-02,Equipment Failure,Low,0,Material Failure
INC-00454,2023-03-25 18:00:00,Compressor Room,Compressor-02,Equipment Failure,Medium,0,Unknown
INC-00455,2023-03-25 18:25:00,Boiler House,Boiler-02,Overheat,Low,0,Material Failure
INC-00456,2023-03-25 23:55:00,Cooling Tower,Cooling-01,Electrical Fault,High,0,Wear and Tear
INC-00457,2023-03-26 02:55:00,Cooling Tower,Pump-02,Electrical Fault,Low,0,Material Failure
INC-00458,2023-03-26 03:50:00,Compressor Room,Compressor-02,Vibration Spike,High,2,Wear and Tear
INC-00459,2023-03-26 08:50:00,Compressor Room,Compressor-01,Equipment Failure,High,0,Material Failure
INC-00460,2023-03-26 10:15:00,Boiler House,Boiler-02,Equipment Failure,Critical,0,Material Failure
INC-00461,2023-03-26 11:50:00,Tank Farm,Tank-01,Gas Leak,Medium,0,Wear and Tear
INC-00462,2023-03-26 12:15:00,Boiler House,Boiler-01,Overheat,Medium,0,Wear and Tear
INC-00463,2023-03-26 15:05:00,Compressor Room,Compressor-01,Equipment Failure,Low,0,Material Failure
INC-00464,2023-03-26 19:15:00,Cooling Tower,Cooling-01,Equipment Failure,Medium,0,Wear and Tear
INC-00465,2023-03-26 21:45:00,Compressor Room,Compressor-01,Equipment Failure,Medium,0,Unknown
INC-00466,2023-03-27 03:35:00,Cooling Tower,Cooling-01,Equipment Failure,Critical,2,Material Failure
INC-00467,2023-03-27 06:25:00,Tank Farm,Tank-02,Gas Leak,Medium,0,Unknown
INC-00468,2023-03-27 08:05:00,Compressor Room,Compressor-02,Equipment Failure,Medium,0,Unknown
INC-00469,2023-03-27 12:10:00,Compressor Room,Compressor-01,Equipment Failure,Critical,1,Unknown
INC-00470,2023-03-27 23:25:00,Cooling Tower,Pump-02,Electrical Fault,High,2,Human Error
INC-00471,2023-03-28 00:10:00,Tank Farm,Tank-02,Gas Leak,Medium,0,Unknown
INC-00472,2023-03-28 00:35:00,Boiler House,Boiler-02,Overheat,Medium,0,Wear and Tear
INC-00473,2023-03-28 02:30:00,Tank Farm,Tank-02,Gas Leak,Low,0,Wear and Tear
INC-00474,2023-03-28 08:30:00,Boiler House,Boiler-01,Overheat,Medium,0,Wear and Tear
INC-00475,2023-03-28 21:25:00,Compressor Room,Compressor-02,Vibration Spike,Medium,0,Unknown
INC-00476,2023-03-28 22:45:00,Boiler House,Boiler-02,Overheat,Medium,0,Human Error
INC-00477,2023-03-29 07:45:00,Tank Farm,Tank-01,Gas Leak,Medium,0,Wear and Tear
INC-00478,2023-03-29 11:25:00,Boiler House,Boiler-01,Equipment Failure,Medium,0,Material Failure
INC-00479,2023-03-29 15:25:00,Chemical Storage,Pump-01,Electrical Fault,Medium,0,Material Failure
INC-00480,2023-03-29 18:00:00,Compressor Room,Compressor-01,Equipment Failure,Low,0,Material Failure
INC-00481,2023-03-30 07:00:00,Cooling Tower,Cooling-01,Leak,Medium,0,Human Error
INC-00482,2023-03-30 07:05:00,Compressor Room,Compressor-02,Vibration Spike,Medium,0,Unknown
INC-00483,2023-03-30 16:30:00,Tank Farm,Tank-02,Spill,Low,0,Wear and Tear
INC-00484,2023-03-30 17:30:00,Cooling Tower,Cooling-01,Equipment Failure,High,2,Human Error
INC-00485,2023-03-30 19:25:00,Cooling Tower,Cooling-01,Leak,Medium,0,Human Error
INC-00486,2023-03-31 00:05:00,Compressor Room,Compressor-02,Equipment Failure,High,1,Unknown
INC-00487,2023-03-31 00:15:00,Cooling Tower,Pump-02,Equipment Failure,Medium,0,Material Failure
INC-00488,2023-03-31 03:00:00,Cooling Tower,Cooling-01,Leak,Medium,0,Human Error
INC-00489,2023-03-31 23:05:00,Boiler House,Boiler-01,Equipment Failure,High,1,Unknown
