permit_id,equipment_id,zone,permit_type,start_time,end_time,status,approved_by
PRM-0001,Boiler-01,Boiler House,Inspection,2023-03-09 23:30:00,2023-03-10 05:00:00,Closed,Pamela Boyd
PRM-0002,Tank-01,Tank Farm,Maintenance,2023-02-11 23:30:00,2023-02-12 02:00:00,Closed,Devon Flores
PRM-0003,Boiler-02,Boiler House,Confined Space,2023-01-11 23:30:00,2023-01-12 02:00:00,Closed,Michelle Brown
PRM-0004,Boiler-01,Boiler House,Confined Space,2023-02-11 23:30:00,2023-02-12 03:00:00,Closed,Jason Stein
PRM-0005,Boiler-01,Boiler House,Maintenance,2023-01-30 23:30:00,2023-01-31 04:00:00,Closed,Jamie Smith
PRM-0006,Pump-01,Chemical Storage,Maintenance,2023-03-09 23:30:00,2023-03-10 03:00:00,Closed,Jennifer Adkins
PRM-0007,Tank-02,Tank Farm,Maintenance,2023-01-04 23:30:00,2023-01-05 05:00:00,Closed,Jeffrey Johnson
PRM-0008,Boiler-01,Boiler House,Inspection,2023-02-18 23:30:00,2023-02-19 03:00:00,Closed,John Anderson
PRM-0009,Compressor-02,Compressor Room,Maintenance,2023-02-05 23:30:00,2023-02-06 02:00:00,Closed,Alyssa Day
PRM-0010,Pump-01,Chemical Storage,Inspection,2023-03-18 23:30:00,2023-03-19 05:00:00,Closed,Daniel Murphy
PRM-0011,Boiler-02,Boiler House,Confined Space,2023-02-01 23:30:00,2023-02-02 03:00:00,Closed,Darlene Miller
PRM-0012,Pump-02,Cooling Tower,Inspection,2023-01-24 23:30:00,2023-01-25 02:00:00,Closed,Matthew Harrington
PRM-0013,Tank-01,Tank Farm,Inspection,2023-01-14 23:30:00,2023-01-15 04:00:00,Closed,Alex Hernandez
PRM-0014,Cooling-01,Cooling Tower,Confined Space,2023-03-26 23:30:00,2023-03-27 04:00:00,Open,Michael Wang
PRM-0015,Boiler-01,Boiler House,Inspection,2023-03-12 23:30:00,2023-03-13 05:00:00,Closed,Robert Oconnell
PRM-0016,Pump-02,Cooling Tower,Inspection,2023-03-19 23:30:00,2023-03-20 01:00:00,Closed,Tina Sanders
PRM-0017,Cooling-01,Cooling Tower,Maintenance,2023-02-08 23:30:00,2023-02-09 03:00:00,Closed,Ashley Barton
PRM-0018,Boiler-02,Boiler House,Confined Space,2023-01-09 23:30:00,2023-01-10 02:00:00,Closed,Dr. Hannah Patterson
PRM-0019,Tank-02,Tank Farm,Maintenance,2023-01-14 23:30:00,2023-01-15 03:00:00,Closed,Samantha Garcia
PRM-0020,Cooling-01,Cooling Tower,Confined Space,2023-01-10 23:30:00,2023-01-11 04:00:00,Closed,Jessica Gross
PRM-0021,Tank-01,Tank Farm,Confined Space,2023-01-20 23:30:00,2023-01-21 01:00:00,Closed,Karen Graham
PRM-0022,Compressor-02,Compressor Room,Confined Space,2023-02-10 23:30:00,2023-02-11 01:00:00,Closed,Angelica Keith
PRM-0023,Pump-02,Cooling Tower,Confined Space,2023-03-12 23:30:00,2023-03-13 03:00:00,Closed,Allen Rosales
PRM-0024,Pump-01,Chemical Storage,Maintenance,2023-03-05 23:30:00,2023-03-06 01:00:00,Closed,Spencer Haynes
PRM-0025,Cooling-01,Cooling Tower,Maintenance,2023-03-24 23:30:00,2023-03-25 01:00:00,Closed,Nathan Freeman
PRM-0026,Cooling-01,Cooling Tower,Inspection,2023-02-15 23:30:00,2023-02-16 04:00:00,Closed,Ricky Davis II
PRM-0027,Pump-01,Chemical Storage,Inspection,2023-02-17 23:30:00,2023-02-18 04:00:00,Closed,Joseph Coleman
PRM-0028,Boiler-02,Boiler House,Maintenance,2023-01-11 23:30:00,2023-01-12 02:00:00,Closed,David Martinez
PRM-0029,Pump-01,Chemical Storage,Confined Space,2023-02-04 23:30:00,2023-02-05 02:00:00,Closed,Cathy Robinson
PRM-0030,Pump-01,Chemical Storage,Confined Space,2023-02-21 23:30:00,2023-02-22 03:00:00,Closed,Brian Lee
PRM-0031,Tank-01,Tank Farm,Inspection,2023-01-20 23:30:00,2023-01-21 01:00:00,Closed,Denise Mccann
PRM-0032,Cooling-01,Cooling Tower,Maintenance,2023-01-03 23:30:00,2023-01-04 01:00:00,Closed,Katherine Salas
PRM-0033,Tank-01,Tank Farm,Confined Space,2023-03-23 23:30:00,2023-03-24 05:00:00,Closed,Anthony Everett
PRM-0034,Tank-01,Tank Farm,Inspection,2023-01-14 23:30:00,2023-01-15 01:00:00,Closed,Mark Brown
PRM-0035,Tank-01,Tank Farm,Confined Space,2023-03-23 23:30:00,2023-03-24 02:00:00,Closed,Bailey Duran DDS
PRM-0036,Compressor-01,Compressor Room,Confined Space,2023-03-30 23:30:00,2023-03-31 04:00:00,Closed,Jeremy Dalton
PRM-0037,Tank-02,Tank Farm,Confined Space,2023-02-28 23:30:00,2023-03-01 03:00:00,Closed,Theresa Clark
PRM-0038,Cooling-01,Cooling Tower,Maintenance,2023-03-14 23:30:00,2023-03-15 01:00:00,Closed,Benjamin Smith
PRM-0039,Cooling-01,Cooling Tower,Maintenance,2023-02-25 23:30:00,2023-02-26 05:00:00,Closed,Michael Warner
PRM-0040,Boiler-02,Boiler House,Maintenance,2023-03-07 23:30:00,2023-03-08 03:00:00,Closed,Lori Guerrero
PRM-0041,Tank-01,Tank Farm,Inspection,2023-02-10 23:30:00,2023-02-11 05:00:00,Closed,Susan Serrano
PRM-0042,Pump-02,Cooling Tower,Maintenance,2023-03-17 23:30:00,2023-03-18 03:00:00,Closed,Laura Roberts
PRM-0043,Tank-01,Tank Farm,Confined Space,2023-03-01 23:30:00,2023-03-02 02:00:00,Closed,Kathryn Snyder
PRM-0044,Boiler-02,Boiler House,Inspection,2023-03-29 23:30:00,2023-03-30 02:00:00,Open,David Davis
PRM-0045,Cooling-01,Cooling Tower,Maintenance,2023-02-08 23:30:00,2023-02-09 02:00:00,Closed,Yvonne Chambers
PRM-0046,Compressor-02,Compressor Room,Confined Space,2023-03-24 23:30:00,2023-03-25 02:00:00,Closed,Matthew Moon
PRM-0047,Tank-01,Tank Farm,Inspection,2023-03-13 23:30:00,2023-03-14 04:00:00,Closed,Brandon Bailey MD
PRM-0048,Tank-02,Tank Farm,Maintenance,2023-03-19 23:30:00,2023-03-20 01:00:00,Closed,Donna Landry
PRM-0049,Pump-01,Chemical Storage,Confined Space,2023-02-09 23:30:00,2023-02-10 01:00:00,Closed,Frank Cordova
PRM-0050,Pump-02,Cooling Tower,Inspection,2023-01-24 23:30:00,2023-01-25 01:00:00,Closed,Kimberly Gutierrez
